insp_guid,ili_id,iliyr,joint_number,feature_number,cluster_number,feature_type,distance,joint_length,dist_to_us,dist_to_gs,length,wideth,depth,wall_surface,estimated_repair_factor,burst_pressure,wall_thickness,od_restriction,latitude,longitude,elevation
1ccce4fa-a1b0-4326-ba33-790b29b21db8,ILI-21,2021,10,, ,,0,0.432,,,,,,,,,,,,,
1ccce4fa-a1b0-4326-ba33-790b29b21db8,ILI-21,2021,20,, ,,0.432,0.284,,,,,,,,,,,,,
1ccce4fa-a1b0-4326-ba33-790b29b21db8,ILI-21,2021,30,, ,,0.716,1.628,,,,,,,,,,,,,
1ccce4fa-a1b0-4326-ba33-790b29b21db8,ILI-21,2021,40,, ,,2.344,0.81,,,,,,,,,,,,,
1ccce4fa-a1b0-4326-ba33-790b29b21db8,ILI-21,2021,50,, ,,3.154,3.842,,,,,,,,,,,,,
1ccce4fa-a1b0-4326-ba33-790b29b21db8,ILI-21,2021,60,, ,,6.996,2.09,,,,,,,,,,,,,
1ccce4fa-a1b0-4326-ba33-790b29b21db8,ILI-21,2021,70,, ,,9.086,3.872,,,,,,,,,,,,,
1ccce4fa-a1b0-4326-ba33-790b29b21db8,ILI-21,2021,80,, ,,12.958,0.574,,,,,,,,,,,,,
1ccce4fa-a1b0-4326-ba33-790b29b21db8,ILI-21,2021,90,, ,,13.532,0.88,,,,,,,,,,,,,
1ccce4fa-a1b0-4326-ba33-790b29b21db8,ILI-21,2021,100,, ,,14.412,18.652,,,,,,,,,,,,,
1ccce4fa-a1b0-4326-ba33-790b29b21db8,ILI-21,2021,110,, ,,33.064,19.684,,,,,,,,,,,,,
1ccce4fa-a1b0-4326-ba33-790b29b21db8,ILI-21,2021,120,, ,,52.748,6.366,,,,,,,,,,,,,
1ccce4fa-a1b0-4326-ba33-790b29b21db8,ILI-21,2021,130,, ,,59.114,18.282,,,,,,,,,,,,,
1ccce4fa-a1b0-4326-ba33-790b29b21db8,ILI-21,2021,140,, ,,77.396,18.276,,,,,,,,,,,,,
1ccce4fa-a1b0-4326-ba33-790b29b21db8,ILI-21,2021,150,, ,,95.672,18.252,,,,,,,,,,,,,
1ccce4fa-a1b0-4326-ba33-790b29b21db8,ILI-21,2021,160,, ,,113.924,13.864,,,,,,,,,,,,,
1ccce4fa-a1b0-4326-ba33-790b29b21db8,ILI-21,2021,170,, ,,127.788,11.534,,,,,,,,,,,,,
1ccce4fa-a1b0-4326-ba33-790b29b21db8,ILI-21,2021,180,, ,,139.322,11.03,,,,,,,,,,,,,
1ccce4fa-a1b0-4326-ba33-790b29b21db8,ILI-21,2021,190,, ,,150.352,14.172,,,,,,,,,,,,,
1ccce4fa-a1b0-4326-ba33-790b29b21db8,ILI-21,2021,200,, ,,164.524,18.158,,,,,,,,,,,,,
1ccce4fa-a1b0-4326-ba33-790b29b21db8,ILI-21,2021,210,, ,,182.682,18.246,,,,,,,,,,,,,
1ccce4fa-a1b0-4326-ba33-790b29b21db8,ILI-21,2021,220,, ,,200.928,18.256,,,,,,,,,,,,,
1ccce4fa-a1b0-4326-ba33-790b29b21db8,ILI-21,2021,230,, ,,219.184,17.072,,,,,,,,,,,,,
1ccce4fa-a1b0-4326-ba33-790b29b21db8,ILI-21,2021,240,, ,,236.256,18.23,,,,,,,,,,,,,
1ccce4fa-a1b0-4326-ba33-790b29b21db8,ILI-21,2021,250,, ,,254.486,18.258,,,,,,,,,,,,,
1ccce4fa-a1b0-4326-ba33-790b29b21db8,ILI-21,2021,260,, ,,272.744,18.222,,,,,,,,,,,,,
1ccce4fa-a1b0-4326-ba33-790b29b21db8,ILI-21,2021,270,, ,,290.966,18.174,,,,,,,,,,,,,
1ccce4fa-a1b0-4326-ba33-790b29b21db8,ILI-21,2021,280,, ,,309.14,18.218,,,,,,,,,,,,,
1ccce4fa-a1b0-4326-ba33-790b29b21db8,ILI-21,2021,290,, ,,327.358,18.108,,,,,,,,,,,,,
1ccce4fa-a1b0-4326-ba33-790b29b21db8,ILI-21,2021,300,, ,,345.466,18.3,,,,,,,,,,,,,
1ccce4fa-a1b0-4326-ba33-790b29b21db8,ILI-21,2021,310,, ,,363.766,18.244,,,,,,,,,,,,,
1ccce4fa-a1b0-4326-ba33-790b29b21db8,ILI-21,2021,320,, ,,382.01,18.23,,,,,,,,,,,,,
1ccce4fa-a1b0-4326-ba33-790b29b21db8,ILI-21,2021,330,, ,,400.24,18.206,,,,,,,,,,,,,
1ccce4fa-a1b0-4326-ba33-790b29b21db8,ILI-21,2021,340,, ,,418.446,18.242,,,,,,,,,,,,,
1ccce4fa-a1b0-4326-ba33-790b29b21db8,ILI-21,2021,350,, ,,436.688,18.156,,,,,,,,,,,,,
1ccce4fa-a1b0-4326-ba33-790b29b21db8,ILI-21,2021,360,, ,,454.844,18.216,,,,,,,,,,,,,
1ccce4fa-a1b0-4326-ba33-790b29b21db8,ILI-21,2021,370,, ,,473.06,18.264,,,,,,,,,,,,,
1ccce4fa-a1b0-4326-ba33-790b29b21db8,ILI-21,2021,380,, ,,491.324,18.26,,,,,,,,,,,,,
1ccce4fa-a1b0-4326-ba33-790b29b21db8,ILI-21,2021,390,, ,,509.584,18.27,,,,,,,,,,,,,
1ccce4fa-a1b0-4326-ba33-790b29b21db8,ILI-21,2021,400,, ,,527.854,18.222,,,,,,,,,,,,,
1ccce4fa-a1b0-4326-ba33-790b29b21db8,ILI-21,2021,410,, ,,546.076,18.186,,,,,,,,,,,,,
1ccce4fa-a1b0-4326-ba33-790b29b21db8,ILI-21,2021,420,, ,,564.262,18.156,,,,,,,,,,,,,
1ccce4fa-a1b0-4326-ba33-790b29b21db8,ILI-21,2021,430,, ,,582.418,18.21,,,,,,,,,,,,,
1ccce4fa-a1b0-4326-ba33-790b29b21db8,ILI-21,2021,440,, ,,600.628,18.248,,,,,,,,,,,,,
1ccce4fa-a1b0-4326-ba33-790b29b21db8,ILI-21,2021,450,, ,,618.876,18.27,,,,,,,,,,,,,
1ccce4fa-a1b0-4326-ba33-790b29b21db8,ILI-21,2021,460,, ,,637.146,18.12,,,,,,,,,,,,,
1ccce4fa-a1b0-4326-ba33-790b29b21db8,ILI-21,2021,470,, ,,655.266,18.246,,,,,,,,,,,,,
1ccce4fa-a1b0-4326-ba33-790b29b21db8,ILI-21,2021,480,, ,,673.512,18.242,,,,,,,,,,,,,
1ccce4fa-a1b0-4326-ba33-790b29b21db8,ILI-21,2021,490,, ,,691.754,18.24,,,,,,,,,,,,,
1ccce4fa-a1b0-4326-ba33-790b29b21db8,ILI-21,2021,500,, ,,709.994,18.216,,,,,,,,,,,,,
1ccce4fa-a1b0-4326-ba33-790b29b21db8,ILI-21,2021,510,, ,,728.21,18.254,,,,,,,,,,,,,
1ccce4fa-a1b0-4326-ba33-790b29b21db8,ILI-21,2021,520,, ,,746.464,18.26,,,,,,,,,,,,,
1ccce4fa-a1b0-4326-ba33-790b29b21db8,ILI-21,2021,530,, ,,764.724,18.284,,,,,,,,,,,,,
1ccce4fa-a1b0-4326-ba33-790b29b21db8,ILI-21,2021,540,, ,,783.008,18.27,,,,,,,,,,,,,
1ccce4fa-a1b0-4326-ba33-790b29b21db8,ILI-21,2021,550,, ,,801.278,18.24,,,,,,,,,,,,,
1ccce4fa-a1b0-4326-ba33-790b29b21db8,ILI-21,2021,560,, ,,819.518,18.262,,,,,,,,,,,,,
1ccce4fa-a1b0-4326-ba33-790b29b21db8,ILI-21,2021,570,, ,,837.78,18.19,,,,,,,,,,,,,
1ccce4fa-a1b0-4326-ba33-790b29b21db8,ILI-21,2021,580,, ,,855.97,18.256,,,,,,,,,,,,,
1ccce4fa-a1b0-4326-ba33-790b29b21db8,ILI-21,2021,590,, ,,874.226,18.258,,,,,,,,,,,,,
1ccce4fa-a1b0-4326-ba33-790b29b21db8,ILI-21,2021,600,, ,,892.484,18.218,,,,,,,,,,,,,
1ccce4fa-a1b0-4326-ba33-790b29b21db8,ILI-21,2021,610,, ,,910.702,18.2,,,,,,,,,,,,,
1ccce4fa-a1b0-4326-ba33-790b29b21db8,ILI-21,2021,620,, ,,928.902,18.238,,,,,,,,,,,,,
1ccce4fa-a1b0-4326-ba33-790b29b21db8,ILI-21,2021,630,, ,,947.14,14.888,,,,,,,,,,,,,
1ccce4fa-a1b0-4326-ba33-790b29b21db8,ILI-21,2021,640,, ,,962.028,18.202,,,,,,,,,,,,,
1ccce4fa-a1b0-4326-ba33-790b29b21db8,ILI-21,2021,650,, ,,980.23,18.236,,,,,,,,,,,,,
1ccce4fa-a1b0-4326-ba33-790b29b21db8,ILI-21,2021,660,, ,,998.466,18.278,,,,,,,,,,,,,
1ccce4fa-a1b0-4326-ba33-790b29b21db8,ILI-21,2021,670,, ,,1016.744,18.268,,,,,,,,,,,,,
1ccce4fa-a1b0-4326-ba33-790b29b21db8,ILI-21,2021,680,, ,,1035.012,18.228,,,,,,,,,,,,,
1ccce4fa-a1b0-4326-ba33-790b29b21db8,ILI-21,2021,690,, ,,1053.24,18.268,,,,,,,,,,,,,
1ccce4fa-a1b0-4326-ba33-790b29b21db8,ILI-21,2021,700,, ,,1071.508,18.252,,,,,,,,,,,,,
1ccce4fa-a1b0-4326-ba33-790b29b21db8,ILI-21,2021,710,, ,,1089.76,18.218,,,,,,,,,,,,,
1ccce4fa-a1b0-4326-ba33-790b29b21db8,ILI-21,2021,720,, ,,1107.978,18.208,,,,,,,,,,,,,
1ccce4fa-a1b0-4326-ba33-790b29b21db8,ILI-21,2021,730,, ,,1126.186,18.26,,,,,,,,,,,,,
1ccce4fa-a1b0-4326-ba33-790b29b21db8,ILI-21,2021,740,, ,,1144.446,18.228,,,,,,,,,,,,,
1ccce4fa-a1b0-4326-ba33-790b29b21db8,ILI-21,2021,750,, ,,1162.674,18.238,,,,,,,,,,,,,
1ccce4fa-a1b0-4326-ba33-790b29b21db8,ILI-21,2021,760,, ,,1180.912,18.25,,,,,,,,,,,,,
1ccce4fa-a1b0-4326-ba33-790b29b21db8,ILI-21,2021,770,, ,,1199.162,18.228,,,,,,,,,,,,,
1ccce4fa-a1b0-4326-ba33-790b29b21db8,ILI-21,2021,780,, ,,1217.39,18.226,,,,,,,,,,,,,
1ccce4fa-a1b0-4326-ba33-790b29b21db8,ILI-21,2021,790,, ,,1235.616,18.248,,,,,,,,,,,,,
1ccce4fa-a1b0-4326-ba33-790b29b21db8,ILI-21,2021,800,, ,,1253.864,18.266,,,,,,,,,,,,,
1ccce4fa-a1b0-4326-ba33-790b29b21db8,ILI-21,2021,810,, ,,1272.13,18.234,,,,,,,,,,,,,
1ccce4fa-a1b0-4326-ba33-790b29b21db8,ILI-21,2021,820,, ,,1290.364,18.24,,,,,,,,,,,,,
1ccce4fa-a1b0-4326-ba33-790b29b21db8,ILI-21,2021,830,, ,,1308.604,18.232,,,,,,,,,,,,,
1ccce4fa-a1b0-4326-ba33-790b29b21db8,ILI-21,2021,840,, ,,1326.836,18.224,,,,,,,,,,,,,
1ccce4fa-a1b0-4326-ba33-790b29b21db8,ILI-21,2021,850,, ,,1345.06,18.208,,,,,,,,,,,,,
1ccce4fa-a1b0-4326-ba33-790b29b21db8,ILI-21,2021,860,, ,,1363.268,18.24,,,,,,,,,,,,,
1ccce4fa-a1b0-4326-ba33-790b29b21db8,ILI-21,2021,870,, ,,1381.508,18.23,,,,,,,,,,,,,
1ccce4fa-a1b0-4326-ba33-790b29b21db8,ILI-21,2021,880,, ,,1399.738,18.228,,,,,,,,,,,,,
1ccce4fa-a1b0-4326-ba33-790b29b21db8,ILI-21,2021,890,, ,,1417.966,18.234,,,,,,,,,,,,,
1ccce4fa-a1b0-4326-ba33-790b29b21db8,ILI-21,2021,900,, ,,1436.2,18.226,,,,,,,,,,,,,
1ccce4fa-a1b0-4326-ba33-790b29b21db8,ILI-21,2021,910,, ,,1454.426,18.248,,,,,,,,,,,,,
1ccce4fa-a1b0-4326-ba33-790b29b21db8,ILI-21,2021,920,, ,,1472.674,18.228,,,,,,,,,,,,,
1ccce4fa-a1b0-4326-ba33-790b29b21db8,ILI-21,2021,930,, ,,1490.902,18.222,,,,,,,,,,,,,
1ccce4fa-a1b0-4326-ba33-790b29b21db8,ILI-21,2021,940,, ,,1509.124,18.238,,,,,,,,,,,,,
1ccce4fa-a1b0-4326-ba33-790b29b21db8,ILI-21,2021,950,, ,,1527.362,18.238,,,,,,,,,,,,,
1ccce4fa-a1b0-4326-ba33-790b29b21db8,ILI-21,2021,960,, ,,1545.6,18.244,,,,,,,,,,,,,
1ccce4fa-a1b0-4326-ba33-790b29b21db8,ILI-21,2021,970,, ,,1563.844,18.252,,,,,,,,,,,,,
1ccce4fa-a1b0-4326-ba33-790b29b21db8,ILI-21,2021,980,, ,,1582.096,18.262,,,,,,,,,,,,,
1ccce4fa-a1b0-4326-ba33-790b29b21db8,ILI-21,2021,990,, ,,1600.358,18.23,,,,,,,,,,,,,
1ccce4fa-a1b0-4326-ba33-790b29b21db8,ILI-21,2021,1000,, ,,1618.588,18.222,,,,,,,,,,,,,
1ccce4fa-a1b0-4326-ba33-790b29b21db8,ILI-21,2021,1010,, ,,1636.81,18.164,,,,,,,,,,,,,
1ccce4fa-a1b0-4326-ba33-790b29b21db8,ILI-21,2021,1020,, ,,1654.974,18.262,,,,,,,,,,,,,
1ccce4fa-a1b0-4326-ba33-790b29b21db8,ILI-21,2021,1030,, ,,1673.236,18.282,,,,,,,,,,,,,
1ccce4fa-a1b0-4326-ba33-790b29b21db8,ILI-21,2021,1040,, ,,1691.518,18.186,,,,,,,,,,,,,
1ccce4fa-a1b0-4326-ba33-790b29b21db8,ILI-21,2021,1050,, ,,1709.704,8.258,,,,,,,,,,,,,
1ccce4fa-a1b0-4326-ba33-790b29b21db8,ILI-21,2021,1060,, ,,1717.962,18.24,,,,,,,,,,,,,
1ccce4fa-a1b0-4326-ba33-790b29b21db8,ILI-21,2021,1070,, ,,1736.202,18.198,,,,,,,,,,,,,
1ccce4fa-a1b0-4326-ba33-790b29b21db8,ILI-21,2021,1080,, ,,1754.4,18.206,,,,,,,,,,,,,
1ccce4fa-a1b0-4326-ba33-790b29b21db8,ILI-21,2021,1090,, ,,1772.606,17.298,,,,,,,,,,,,,
1ccce4fa-a1b0-4326-ba33-790b29b21db8,ILI-21,2021,1100,, ,,1789.904,18.258,,,,,,,,,,,,,
1ccce4fa-a1b0-4326-ba33-790b29b21db8,ILI-21,2021,1110,, ,,1808.162,18.228,,,,,,,,,,,,,
1ccce4fa-a1b0-4326-ba33-790b29b21db8,ILI-21,2021,1120,, ,,1826.39,18.26,,,,,,,,,,,,,
1ccce4fa-a1b0-4326-ba33-790b29b21db8,ILI-21,2021,1130,, ,,1844.65,18.24,,,,,,,,,,,,,
1ccce4fa-a1b0-4326-ba33-790b29b21db8,ILI-21,2021,1140,, ,,1862.89,11.29,,,,,,,,,,,,,
1ccce4fa-a1b0-4326-ba33-790b29b21db8,ILI-21,2021,1150,, ,,1874.18,18.178,,,,,,,,,,,,,
1ccce4fa-a1b0-4326-ba33-790b29b21db8,ILI-21,2021,1160,, ,,1892.358,18.216,,,,,,,,,,,,,
1ccce4fa-a1b0-4326-ba33-790b29b21db8,ILI-21,2021,1170,, ,,1910.574,18.258,,,,,,,,,,,,,
1ccce4fa-a1b0-4326-ba33-790b29b21db8,ILI-21,2021,1180,, ,,1928.832,17.934,,,,,,,,,,,,,
1ccce4fa-a1b0-4326-ba33-790b29b21db8,ILI-21,2021,1190,, ,,1946.766,18.21,,,,,,,,,,,,,
1ccce4fa-a1b0-4326-ba33-790b29b21db8,ILI-21,2021,1200,, ,,1964.976,18.208,,,,,,,,,,,,,
1ccce4fa-a1b0-4326-ba33-790b29b21db8,ILI-21,2021,1210,, ,,1983.184,18.196,,,,,,,,,,,,,
1ccce4fa-a1b0-4326-ba33-790b29b21db8,ILI-21,2021,1220,, ,,2001.38,18.214,,,,,,,,,,,,,
1ccce4fa-a1b0-4326-ba33-790b29b21db8,ILI-21,2021,1230,, ,,2019.594,18.194,,,,,,,,,,,,,
1ccce4fa-a1b0-4326-ba33-790b29b21db8,ILI-21,2021,1240,, ,,2037.788,18.262,,,,,,,,,,,,,
1ccce4fa-a1b0-4326-ba33-790b29b21db8,ILI-21,2021,1250,, ,,2056.05,18.224,,,,,,,,,,,,,
1ccce4fa-a1b0-4326-ba33-790b29b21db8,ILI-21,2021,1260,, ,,2074.274,18.24,,,,,,,,,,,,,
1ccce4fa-a1b0-4326-ba33-790b29b21db8,ILI-21,2021,1270,, ,,2092.514,18.198,,,,,,,,,,,,,
1ccce4fa-a1b0-4326-ba33-790b29b21db8,ILI-21,2021,1280,, ,,2110.712,18.202,,,,,,,,,,,,,
1ccce4fa-a1b0-4326-ba33-790b29b21db8,ILI-21,2021,1290,, ,,2128.914,18.19,,,,,,,,,,,,,
1ccce4fa-a1b0-4326-ba33-790b29b21db8,ILI-21,2021,1300,, ,,2147.104,18.244,,,,,,,,,,,,,
1ccce4fa-a1b0-4326-ba33-790b29b21db8,ILI-21,2021,1310,, ,,2165.348,18.206,,,,,,,,,,,,,
1ccce4fa-a1b0-4326-ba33-790b29b21db8,ILI-21,2021,1320,, ,,2183.554,18.204,,,,,,,,,,,,,
1ccce4fa-a1b0-4326-ba33-790b29b21db8,ILI-21,2021,1330,, ,,2201.758,18.246,,,,,,,,,,,,,
1ccce4fa-a1b0-4326-ba33-790b29b21db8,ILI-21,2021,1340,, ,,2220.004,18.182,,,,,,,,,,,,,
1ccce4fa-a1b0-4326-ba33-790b29b21db8,ILI-21,2021,1350,, ,,2238.186,18.224,,,,,,,,,,,,,
1ccce4fa-a1b0-4326-ba33-790b29b21db8,ILI-21,2021,1360,, ,,2256.41,18.104,,,,,,,,,,,,,
1ccce4fa-a1b0-4326-ba33-790b29b21db8,ILI-21,2021,1370,, ,,2274.514,18.25,,,,,,,,,,,,,
1ccce4fa-a1b0-4326-ba33-790b29b21db8,ILI-21,2021,1380,, ,,2292.764,18.234,,,,,,,,,,,,,
1ccce4fa-a1b0-4326-ba33-790b29b21db8,ILI-21,2021,1390,, ,,2310.998,18.234,,,,,,,,,,,,,
1ccce4fa-a1b0-4326-ba33-790b29b21db8,ILI-21,2021,1400,, ,,2329.232,18.194,,,,,,,,,,,,,
1ccce4fa-a1b0-4326-ba33-790b29b21db8,ILI-21,2021,1410,, ,,2347.426,18.18,,,,,,,,,,,,,
1ccce4fa-a1b0-4326-ba33-790b29b21db8,ILI-21,2021,1420,, ,,2365.606,18.222,,,,,,,,,,,,,
1ccce4fa-a1b0-4326-ba33-790b29b21db8,ILI-21,2021,1430,, ,,2383.828,18.258,,,,,,,,,,,,,
1ccce4fa-a1b0-4326-ba33-790b29b21db8,ILI-21,2021,1440,, ,,2402.086,18.196,,,,,,,,,,,,,
1ccce4fa-a1b0-4326-ba33-790b29b21db8,ILI-21,2021,1450,, ,,2420.282,18.206,,,,,,,,,,,,,
1ccce4fa-a1b0-4326-ba33-790b29b21db8,ILI-21,2021,1460,, ,,2438.488,18.232,,,,,,,,,,,,,
1ccce4fa-a1b0-4326-ba33-790b29b21db8,ILI-21,2021,1470,, ,,2456.72,18.198,,,,,,,,,,,,,
1ccce4fa-a1b0-4326-ba33-790b29b21db8,ILI-21,2021,1480,, ,,2474.918,18.196,,,,,,,,,,,,,
1ccce4fa-a1b0-4326-ba33-790b29b21db8,ILI-21,2021,1490,, ,,2493.114,18.216,,,,,,,,,,,,,
1ccce4fa-a1b0-4326-ba33-790b29b21db8,ILI-21,2021,1500,, ,,2511.33,18.202,,,,,,,,,,,,,
1ccce4fa-a1b0-4326-ba33-790b29b21db8,ILI-21,2021,1510,, ,,2529.532,18.194,,,,,,,,,,,,,
1ccce4fa-a1b0-4326-ba33-790b29b21db8,ILI-21,2021,1520,, ,,2547.726,18.208,,,,,,,,,,,,,
1ccce4fa-a1b0-4326-ba33-790b29b21db8,ILI-21,2021,1530,, ,,2565.934,18.24,,,,,,,,,,,,,
1ccce4fa-a1b0-4326-ba33-790b29b21db8,ILI-21,2021,1540,, ,,2584.174,18.164,,,,,,,,,,,,,
1ccce4fa-a1b0-4326-ba33-790b29b21db8,ILI-21,2021,1550,, ,,2602.338,18.188,,,,,,,,,,,,,
1ccce4fa-a1b0-4326-ba33-790b29b21db8,ILI-21,2021,1560,, ,,2620.526,17.764,,,,,,,,,,,,,
1ccce4fa-a1b0-4326-ba33-790b29b21db8,ILI-21,2021,1570,, ,,2638.29,18.232,,,,,,,,,,,,,
1ccce4fa-a1b0-4326-ba33-790b29b21db8,ILI-21,2021,1580,, ,,2656.522,18.226,,,,,,,,,,,,,
1ccce4fa-a1b0-4326-ba33-790b29b21db8,ILI-21,2021,1590,, ,,2674.748,18.23,,,,,,,,,,,,,
1ccce4fa-a1b0-4326-ba33-790b29b21db8,ILI-21,2021,1600,, ,,2692.978,18.148,,,,,,,,,,,,,
1ccce4fa-a1b0-4326-ba33-790b29b21db8,ILI-21,2021,1610,, ,,2711.126,18.13,,,,,,,,,,,,,
1ccce4fa-a1b0-4326-ba33-790b29b21db8,ILI-21,2021,1620,, ,,2729.256,18.182,,,,,,,,,,,,,
1ccce4fa-a1b0-4326-ba33-790b29b21db8,ILI-21,2021,1630,, ,,2747.438,18.204,,,,,,,,,,,,,
1ccce4fa-a1b0-4326-ba33-790b29b21db8,ILI-21,2021,1640,, ,,2765.642,18.188,,,,,,,,,,,,,
1ccce4fa-a1b0-4326-ba33-790b29b21db8,ILI-21,2021,1650,, ,,2783.83,18.214,,,,,,,,,,,,,
1ccce4fa-a1b0-4326-ba33-790b29b21db8,ILI-21,2021,1660,, ,,2802.044,18.192,,,,,,,,,,,,,
1ccce4fa-a1b0-4326-ba33-790b29b21db8,ILI-21,2021,1670,, ,,2820.236,18.2,,,,,,,,,,,,,
1ccce4fa-a1b0-4326-ba33-790b29b21db8,ILI-21,2021,1680,, ,,2838.436,18.166,,,,,,,,,,,,,
1ccce4fa-a1b0-4326-ba33-790b29b21db8,ILI-21,2021,1690,, ,,2856.602,18.22,,,,,,,,,,,,,
1ccce4fa-a1b0-4326-ba33-790b29b21db8,ILI-21,2021,1700,, ,,2874.822,18.204,,,,,,,,,,,,,
1ccce4fa-a1b0-4326-ba33-790b29b21db8,ILI-21,2021,1710,, ,,2893.026,18.174,,,,,,,,,,,,,
1ccce4fa-a1b0-4326-ba33-790b29b21db8,ILI-21,2021,1720,, ,,2911.2,18.236,,,,,,,,,,,,,
1ccce4fa-a1b0-4326-ba33-790b29b21db8,ILI-21,2021,1730,, ,,2929.436,18.194,,,,,,,,,,,,,
1ccce4fa-a1b0-4326-ba33-790b29b21db8,ILI-21,2021,1740,, ,,2947.63,18.18,,,,,,,,,,,,,
1ccce4fa-a1b0-4326-ba33-790b29b21db8,ILI-21,2021,1750,, ,,2965.81,18.196,,,,,,,,,,,,,
1ccce4fa-a1b0-4326-ba33-790b29b21db8,ILI-21,2021,1760,, ,,2984.006,18.198,,,,,,,,,,,,,
1ccce4fa-a1b0-4326-ba33-790b29b21db8,ILI-21,2021,1770,, ,,3002.204,18.176,,,,,,,,,,,,,
1ccce4fa-a1b0-4326-ba33-790b29b21db8,ILI-21,2021,1780,, ,,3020.38,18.194,,,,,,,,,,,,,
1ccce4fa-a1b0-4326-ba33-790b29b21db8,ILI-21,2021,1790,, ,,3038.574,18.164,,,,,,,,,,,,,
1ccce4fa-a1b0-4326-ba33-790b29b21db8,ILI-21,2021,1800,, ,,3056.738,18.204,,,,,,,,,,,,,
1ccce4fa-a1b0-4326-ba33-790b29b21db8,ILI-21,2021,1810,, ,,3074.942,18.132,,,,,,,,,,,,,
1ccce4fa-a1b0-4326-ba33-790b29b21db8,ILI-21,2021,1820,, ,,3093.074,18.196,,,,,,,,,,,,,
1ccce4fa-a1b0-4326-ba33-790b29b21db8,ILI-21,2021,1830,, ,,3111.27,18.188,,,,,,,,,,,,,
1ccce4fa-a1b0-4326-ba33-790b29b21db8,ILI-21,2021,1840,, ,,3129.458,18.208,,,,,,,,,,,,,
1ccce4fa-a1b0-4326-ba33-790b29b21db8,ILI-21,2021,1850,, ,,3147.666,18.21,,,,,,,,,,,,,
1ccce4fa-a1b0-4326-ba33-790b29b21db8,ILI-21,2021,1860,, ,,3165.876,18.202,,,,,,,,,,,,,
1ccce4fa-a1b0-4326-ba33-790b29b21db8,ILI-21,2021,1870,, ,,3184.078,18.14,,,,,,,,,,,,,
1ccce4fa-a1b0-4326-ba33-790b29b21db8,ILI-21,2021,1880,, ,,3202.218,18.244,,,,,,,,,,,,,
1ccce4fa-a1b0-4326-ba33-790b29b21db8,ILI-21,2021,1890,, ,,3220.462,18.194,,,,,,,,,,,,,
1ccce4fa-a1b0-4326-ba33-790b29b21db8,ILI-21,2021,1900,, ,,3238.656,18.224,,,,,,,,,,,,,
1ccce4fa-a1b0-4326-ba33-790b29b21db8,ILI-21,2021,1910,, ,,3256.88,17.284,,,,,,,,,,,,,
1ccce4fa-a1b0-4326-ba33-790b29b21db8,ILI-21,2021,1920,, ,,3274.164,18.144,,,,,,,,,,,,,
1ccce4fa-a1b0-4326-ba33-790b29b21db8,ILI-21,2021,1930,, ,,3292.308,18.15,,,,,,,,,,,,,
1ccce4fa-a1b0-4326-ba33-790b29b21db8,ILI-21,2021,1940,, ,,3310.458,18.222,,,,,,,,,,,,,
1ccce4fa-a1b0-4326-ba33-790b29b21db8,ILI-21,2021,1950,, ,,3328.68,18.212,,,,,,,,,,,,,
1ccce4fa-a1b0-4326-ba33-790b29b21db8,ILI-21,2021,1960,, ,,3346.892,18.204,,,,,,,,,,,,,
1ccce4fa-a1b0-4326-ba33-790b29b21db8,ILI-21,2021,1970,, ,,3365.096,18.198,,,,,,,,,,,,,
1ccce4fa-a1b0-4326-ba33-790b29b21db8,ILI-21,2021,1980,, ,,3383.294,18.072,,,,,,,,,,,,,
1ccce4fa-a1b0-4326-ba33-790b29b21db8,ILI-21,2021,1990,, ,,3401.366,18.108,,,,,,,,,,,,,
1ccce4fa-a1b0-4326-ba33-790b29b21db8,ILI-21,2021,2000,, ,,3419.474,18.204,,,,,,,,,,,,,
1ccce4fa-a1b0-4326-ba33-790b29b21db8,ILI-21,2021,2010,, ,,3437.678,18.21,,,,,,,,,,,,,
1ccce4fa-a1b0-4326-ba33-790b29b21db8,ILI-21,2021,2020,, ,,3455.888,18.2,,,,,,,,,,,,,
1ccce4fa-a1b0-4326-ba33-790b29b21db8,ILI-21,2021,2030,, ,,3474.088,18.226,,,,,,,,,,,,,
1ccce4fa-a1b0-4326-ba33-790b29b21db8,ILI-21,2021,2040,, ,,3492.314,2.738,,,,,,,,,,,,,
1ccce4fa-a1b0-4326-ba33-790b29b21db8,ILI-21,2021,2050,, ,,3495.052,18.09,,,,,,,,,,,,,
1ccce4fa-a1b0-4326-ba33-790b29b21db8,ILI-21,2021,2060,, ,,3513.142,18.184,,,,,,,,,,,,,
1ccce4fa-a1b0-4326-ba33-790b29b21db8,ILI-21,2021,2070,, ,,3531.326,15.354,,,,,,,,,,,,,
1ccce4fa-a1b0-4326-ba33-790b29b21db8,ILI-21,2021,2080,, ,,3546.68,15.054,,,,,,,,,,,,,
1ccce4fa-a1b0-4326-ba33-790b29b21db8,ILI-21,2021,2090,, ,,3561.734,18.198,,,,,,,,,,,,,
1ccce4fa-a1b0-4326-ba33-790b29b21db8,ILI-21,2021,2100,, ,,3579.932,18.164,,,,,,,,,,,,,
1ccce4fa-a1b0-4326-ba33-790b29b21db8,ILI-21,2021,2110,, ,,3598.096,18.122,,,,,,,,,,,,,
1ccce4fa-a1b0-4326-ba33-790b29b21db8,ILI-21,2021,2120,, ,,3616.218,18.118,,,,,,,,,,,,,
1ccce4fa-a1b0-4326-ba33-790b29b21db8,ILI-21,2021,2130,, ,,3634.336,18.244,,,,,,,,,,,,,
1ccce4fa-a1b0-4326-ba33-790b29b21db8,ILI-21,2021,2140,, ,,3652.58,18.27,,,,,,,,,,,,,
1ccce4fa-a1b0-4326-ba33-790b29b21db8,ILI-21,2021,2150,, ,,3670.85,18.21,,,,,,,,,,,,,
1ccce4fa-a1b0-4326-ba33-790b29b21db8,ILI-21,2021,2160,, ,,3689.06,18.252,,,,,,,,,,,,,
1ccce4fa-a1b0-4326-ba33-790b29b21db8,ILI-21,2021,2170,, ,,3707.312,18.19,,,,,,,,,,,,,
1ccce4fa-a1b0-4326-ba33-790b29b21db8,ILI-21,2021,2180,, ,,3725.502,18.132,,,,,,,,,,,,,
1ccce4fa-a1b0-4326-ba33-790b29b21db8,ILI-21,2021,2190,, ,,3743.634,18.164,,,,,,,,,,,,,
1ccce4fa-a1b0-4326-ba33-790b29b21db8,ILI-21,2021,2200,, ,,3761.798,18.242,,,,,,,,,,,,,
1ccce4fa-a1b0-4326-ba33-790b29b21db8,ILI-21,2021,2210,, ,,3780.04,18.226,,,,,,,,,,,,,
1ccce4fa-a1b0-4326-ba33-790b29b21db8,ILI-21,2021,2220,, ,,3798.266,18.18,,,,,,,,,,,,,
1ccce4fa-a1b0-4326-ba33-790b29b21db8,ILI-21,2021,2230,, ,,3816.446,18.218,,,,,,,,,,,,,
1ccce4fa-a1b0-4326-ba33-790b29b21db8,ILI-21,2021,2240,, ,,3834.664,18.178,,,,,,,,,,,,,
1ccce4fa-a1b0-4326-ba33-790b29b21db8,ILI-21,2021,2250,, ,,3852.842,18.088,,,,,,,,,,,,,
1ccce4fa-a1b0-4326-ba33-790b29b21db8,ILI-21,2021,2260,, ,,3870.93,18.198,,,,,,,,,,,,,
1ccce4fa-a1b0-4326-ba33-790b29b21db8,ILI-21,2021,2270,, ,,3889.128,18.198,,,,,,,,,,,,,
1ccce4fa-a1b0-4326-ba33-790b29b21db8,ILI-21,2021,2280,, ,,3907.326,18.212,,,,,,,,,,,,,
1ccce4fa-a1b0-4326-ba33-790b29b21db8,ILI-21,2021,2290,, ,,3925.538,18.174,,,,,,,,,,,,,
1ccce4fa-a1b0-4326-ba33-790b29b21db8,ILI-21,2021,2300,, ,,3943.712,18.216,,,,,,,,,,,,,
1ccce4fa-a1b0-4326-ba33-790b29b21db8,ILI-21,2021,2310,, ,,3961.928,18.056,,,,,,,,,,,,,
1ccce4fa-a1b0-4326-ba33-790b29b21db8,ILI-21,2021,2320,, ,,3979.984,18.182,,,,,,,,,,,,,
1ccce4fa-a1b0-4326-ba33-790b29b21db8,ILI-21,2021,2330,, ,,3998.166,18.242,,,,,,,,,,,,,
1ccce4fa-a1b0-4326-ba33-790b29b21db8,ILI-21,2021,2340,, ,,4016.408,18.192,,,,,,,,,,,,,
1ccce4fa-a1b0-4326-ba33-790b29b21db8,ILI-21,2021,2350,, ,,4034.6,18.19,,,,,,,,,,,,,
1ccce4fa-a1b0-4326-ba33-790b29b21db8,ILI-21,2021,2360,, ,,4052.79,18.256,,,,,,,,,,,,,
1ccce4fa-a1b0-4326-ba33-790b29b21db8,ILI-21,2021,2370,, ,,4071.046,18.126,,,,,,,,,,,,,
1ccce4fa-a1b0-4326-ba33-790b29b21db8,ILI-21,2021,2380,, ,,4089.172,2.81,,,,,,,,,,,,,
1ccce4fa-a1b0-4326-ba33-790b29b21db8,ILI-21,2021,2390,, ,,4091.982,18.208,,,,,,,,,,,,,
1ccce4fa-a1b0-4326-ba33-790b29b21db8,ILI-21,2021,2400,, ,,4110.19,18.254,,,,,,,,,,,,,
1ccce4fa-a1b0-4326-ba33-790b29b21db8,ILI-21,2021,2410,, ,,4128.444,18.24,,,,,,,,,,,,,
1ccce4fa-a1b0-4326-ba33-790b29b21db8,ILI-21,2021,2420,, ,,4146.684,18.206,,,,,,,,,,,,,
1ccce4fa-a1b0-4326-ba33-790b29b21db8,ILI-21,2021,2430,, ,,4164.89,15.904,,,,,,,,,,,,,
1ccce4fa-a1b0-4326-ba33-790b29b21db8,ILI-21,2021,2440,, ,,4180.794,18.178,,,,,,,,,,,,,
1ccce4fa-a1b0-4326-ba33-790b29b21db8,ILI-21,2021,2450,, ,,4198.972,18.138,,,,,,,,,,,,,
1ccce4fa-a1b0-4326-ba33-790b29b21db8,ILI-21,2021,2460,, ,,4217.11,17.294,,,,,,,,,,,,,
1ccce4fa-a1b0-4326-ba33-790b29b21db8,ILI-21,2021,2470,, ,,4234.404,18.196,,,,,,,,,,,,,
1ccce4fa-a1b0-4326-ba33-790b29b21db8,ILI-21,2021,2480,, ,,4252.6,18.202,,,,,,,,,,,,,
1ccce4fa-a1b0-4326-ba33-790b29b21db8,ILI-21,2021,2490,, ,,4270.802,18.188,,,,,,,,,,,,,
1ccce4fa-a1b0-4326-ba33-790b29b21db8,ILI-21,2021,2500,, ,,4288.99,18.22,,,,,,,,,,,,,
1ccce4fa-a1b0-4326-ba33-790b29b21db8,ILI-21,2021,2510,, ,,4307.21,18.204,,,,,,,,,,,,,
1ccce4fa-a1b0-4326-ba33-790b29b21db8,ILI-21,2021,2520,, ,,4325.414,18.206,,,,,,,,,,,,,
1ccce4fa-a1b0-4326-ba33-790b29b21db8,ILI-21,2021,2530,, ,,4343.62,18.176,,,,,,,,,,,,,
1ccce4fa-a1b0-4326-ba33-790b29b21db8,ILI-21,2021,2540,, ,,4361.796,18.228,,,,,,,,,,,,,
1ccce4fa-a1b0-4326-ba33-790b29b21db8,ILI-21,2021,2550,, ,,4380.024,18.224,,,,,,,,,,,,,
1ccce4fa-a1b0-4326-ba33-790b29b21db8,ILI-21,2021,2560,, ,,4398.248,18.192,,,,,,,,,,,,,
1ccce4fa-a1b0-4326-ba33-790b29b21db8,ILI-21,2021,2570,, ,,4416.44,18.206,,,,,,,,,,,,,
1ccce4fa-a1b0-4326-ba33-790b29b21db8,ILI-21,2021,2580,, ,,4434.646,18.14,,,,,,,,,,,,,
1ccce4fa-a1b0-4326-ba33-790b29b21db8,ILI-21,2021,2590,, ,,4452.786,18.108,,,,,,,,,,,,,
1ccce4fa-a1b0-4326-ba33-790b29b21db8,ILI-21,2021,2600,, ,,4470.894,18.208,,,,,,,,,,,,,
1ccce4fa-a1b0-4326-ba33-790b29b21db8,ILI-21,2021,2610,, ,,4489.102,18.084,,,,,,,,,,,,,
1ccce4fa-a1b0-4326-ba33-790b29b21db8,ILI-21,2021,2620,, ,,4507.186,18.044,,,,,,,,,,,,,
1ccce4fa-a1b0-4326-ba33-790b29b21db8,ILI-21,2021,2630,, ,,4525.23,18.182,,,,,,,,,,,,,
1ccce4fa-a1b0-4326-ba33-790b29b21db8,ILI-21,2021,2640,, ,,4543.412,18.196,,,,,,,,,,,,,
1ccce4fa-a1b0-4326-ba33-790b29b21db8,ILI-21,2021,2650,, ,,4561.608,18.192,,,,,,,,,,,,,
1ccce4fa-a1b0-4326-ba33-790b29b21db8,ILI-21,2021,2660,, ,,4579.8,18.184,,,,,,,,,,,,,
1ccce4fa-a1b0-4326-ba33-790b29b21db8,ILI-21,2021,2670,, ,,4597.984,18.214,,,,,,,,,,,,,
1ccce4fa-a1b0-4326-ba33-790b29b21db8,ILI-21,2021,2680,, ,,4616.198,18.24,,,,,,,,,,,,,
1ccce4fa-a1b0-4326-ba33-790b29b21db8,ILI-21,2021,2690,, ,,4634.438,18.18,,,,,,,,,,,,,
1ccce4fa-a1b0-4326-ba33-790b29b21db8,ILI-21,2021,2700,, ,,4652.618,18.214,,,,,,,,,,,,,
1ccce4fa-a1b0-4326-ba33-790b29b21db8,ILI-21,2021,2710,, ,,4670.832,18.244,,,,,,,,,,,,,
1ccce4fa-a1b0-4326-ba33-790b29b21db8,ILI-21,2021,2720,, ,,4689.076,18.174,,,,,,,,,,,,,
1ccce4fa-a1b0-4326-ba33-790b29b21db8,ILI-21,2021,2730,, ,,4707.25,18.148,,,,,,,,,,,,,
1ccce4fa-a1b0-4326-ba33-790b29b21db8,ILI-21,2021,2740,, ,,4725.398,18.072,,,,,,,,,,,,,
1ccce4fa-a1b0-4326-ba33-790b29b21db8,ILI-21,2021,2750,, ,,4743.47,18.25,,,,,,,,,,,,,
1ccce4fa-a1b0-4326-ba33-790b29b21db8,ILI-21,2021,2760,, ,,4761.72,18.242,,,,,,,,,,,,,
1ccce4fa-a1b0-4326-ba33-790b29b21db8,ILI-21,2021,2770,, ,,4779.962,18.202,,,,,,,,,,,,,
1ccce4fa-a1b0-4326-ba33-790b29b21db8,ILI-21,2021,2780,, ,,4798.164,18.218,,,,,,,,,,,,,
1ccce4fa-a1b0-4326-ba33-790b29b21db8,ILI-21,2021,2790,, ,,4816.382,18.216,,,,,,,,,,,,,
1ccce4fa-a1b0-4326-ba33-790b29b21db8,ILI-21,2021,2800,, ,,4834.598,18.17,,,,,,,,,,,,,
1ccce4fa-a1b0-4326-ba33-790b29b21db8,ILI-21,2021,2810,, ,,4852.768,18.154,,,,,,,,,,,,,
1ccce4fa-a1b0-4326-ba33-790b29b21db8,ILI-21,2021,2820,, ,,4870.922,18.224,,,,,,,,,,,,,
1ccce4fa-a1b0-4326-ba33-790b29b21db8,ILI-21,2021,2830,, ,,4889.146,18.178,,,,,,,,,,,,,
1ccce4fa-a1b0-4326-ba33-790b29b21db8,ILI-21,2021,2840,, ,,4907.324,18.236,,,,,,,,,,,,,
1ccce4fa-a1b0-4326-ba33-790b29b21db8,ILI-21,2021,2850,, ,,4925.56,18.226,,,,,,,,,,,,,
1ccce4fa-a1b0-4326-ba33-790b29b21db8,ILI-21,2021,2860,, ,,4943.786,18.154,,,,,,,,,,,,,
1ccce4fa-a1b0-4326-ba33-790b29b21db8,ILI-21,2021,2870,, ,,4961.94,18.14,,,,,,,,,,,,,
1ccce4fa-a1b0-4326-ba33-790b29b21db8,ILI-21,2021,2880,, ,,4980.08,18.192,,,,,,,,,,,,,
1ccce4fa-a1b0-4326-ba33-790b29b21db8,ILI-21,2021,2890,, ,,4998.272,18.26,,,,,,,,,,,,,
1ccce4fa-a1b0-4326-ba33-790b29b21db8,ILI-21,2021,2900,, ,,5016.532,18.246,,,,,,,,,,,,,
1ccce4fa-a1b0-4326-ba33-790b29b21db8,ILI-21,2021,2910,, ,,5034.778,18.196,,,,,,,,,,,,,
1ccce4fa-a1b0-4326-ba33-790b29b21db8,ILI-21,2021,2920,, ,,5052.974,18.076,,,,,,,,,,,,,
1ccce4fa-a1b0-4326-ba33-790b29b21db8,ILI-21,2021,2930,, ,,5071.05,18.172,,,,,,,,,,,,,
1ccce4fa-a1b0-4326-ba33-790b29b21db8,ILI-21,2021,2940,, ,,5089.222,18.168,,,,,,,,,,,,,
1ccce4fa-a1b0-4326-ba33-790b29b21db8,ILI-21,2021,2950,, ,,5107.39,18.052,,,,,,,,,,,,,
1ccce4fa-a1b0-4326-ba33-790b29b21db8,ILI-21,2021,2960,, ,,5125.442,18.198,,,,,,,,,,,,,
1ccce4fa-a1b0-4326-ba33-790b29b21db8,ILI-21,2021,2970,, ,,5143.64,18.17,,,,,,,,,,,,,
1ccce4fa-a1b0-4326-ba33-790b29b21db8,ILI-21,2021,2980,, ,,5161.81,18.228,,,,,,,,,,,,,
1ccce4fa-a1b0-4326-ba33-790b29b21db8,ILI-21,2021,2990,, ,,5180.038,18.214,,,,,,,,,,,,,
1ccce4fa-a1b0-4326-ba33-790b29b21db8,ILI-21,2021,3000,, ,,5198.252,18.14,,,,,,,,,,,,,
1ccce4fa-a1b0-4326-ba33-790b29b21db8,ILI-21,2021,3010,, ,,5216.392,18.198,,,,,,,,,,,,,
1ccce4fa-a1b0-4326-ba33-790b29b21db8,ILI-21,2021,3020,, ,,5234.59,18.23,,,,,,,,,,,,,
1ccce4fa-a1b0-4326-ba33-790b29b21db8,ILI-21,2021,3030,, ,,5252.82,18.184,,,,,,,,,,,,,
1ccce4fa-a1b0-4326-ba33-790b29b21db8,ILI-21,2021,3040,, ,,5271.004,18.244,,,,,,,,,,,,,
1ccce4fa-a1b0-4326-ba33-790b29b21db8,ILI-21,2021,3050,, ,,5289.248,18.222,,,,,,,,,,,,,
1ccce4fa-a1b0-4326-ba33-790b29b21db8,ILI-21,2021,3060,, ,,5307.47,10.786,,,,,,,,,,,,,
1ccce4fa-a1b0-4326-ba33-790b29b21db8,ILI-21,2021,3070,, ,,5318.256,13.482,,,,,,,,,,,,,
1ccce4fa-a1b0-4326-ba33-790b29b21db8,ILI-21,2021,3080,, ,,5331.738,6.608,,,,,,,,,,,,,
1ccce4fa-a1b0-4326-ba33-790b29b21db8,ILI-21,2021,3090,, ,,5338.346,1.986,,,,,,,,,,,,,
1ccce4fa-a1b0-4326-ba33-790b29b21db8,ILI-21,2021,3100,, ,,5340.332,0.614,,,,,,,,,,,,,
1ccce4fa-a1b0-4326-ba33-790b29b21db8,ILI-21,2021,3110,, ,,5340.946,3.924,,,,,,,,,,,,,
1ccce4fa-a1b0-4326-ba33-790b29b21db8,ILI-21,2021,3120,, ,,5344.87,1.428,,,,,,,,,,,,,
1ccce4fa-a1b0-4326-ba33-790b29b21db8,ILI-21,2021,3130,, ,,5346.298,3.772,,,,,,,,,,,,,
1ccce4fa-a1b0-4326-ba33-790b29b21db8,ILI-21,2021,3140,, ,,5350.07,0.806,,,,,,,,,,,,,
1ccce4fa-a1b0-4326-ba33-790b29b21db8,ILI-21,2021,3150,, ,,5350.876,0.996,,,,,,,,,,,,,
1ccce4fa-a1b0-4326-ba33-790b29b21db8,ILI-21,2021,3160,, ,,5351.872,1.354,,,,,,,,,,,,,
1ccce4fa-a1b0-4326-ba33-790b29b21db8,ILI-21,2021,3170,, ,,5353.226,0.298,,,,,,,,,,,,,
1ccce4fa-a1b0-4326-ba33-790b29b21db8,ILI-21,2021,3180,, ,,5353.524,0.832,,,,,,,,,,,,,
1ccce4fa-a1b0-4326-ba33-790b29b21db8,ILI-21,2021,3190,, ,,5354.356,1.516,,,,,,,,,,,,,
1ccce4fa-a1b0-4326-ba33-790b29b21db8,ILI-21,2021,3200,, ,,5355.872,0.802,,,,,,,,,,,,,
1ccce4fa-a1b0-4326-ba33-790b29b21db8,ILI-21,2021,3210,, ,,5356.674,3.714,,,,,,,,,,,,,
1ccce4fa-a1b0-4326-ba33-790b29b21db8,ILI-21,2021,3220,, ,,5360.388,1.408,,,,,,,,,,,,,
1ccce4fa-a1b0-4326-ba33-790b29b21db8,ILI-21,2021,3230,, ,,5361.796,3.88,,,,,,,,,,,,,
1ccce4fa-a1b0-4326-ba33-790b29b21db8,ILI-21,2021,3240,, ,,5365.676,0.512,,,,,,,,,,,,,
1ccce4fa-a1b0-4326-ba33-790b29b21db8,ILI-21,2021,3250,, ,,5366.188,2.058,,,,,,,,,,,,,
1ccce4fa-a1b0-4326-ba33-790b29b21db8,ILI-21,2021,3260,, ,,5368.246,10.746,,,,,,,,,,,,,
1ccce4fa-a1b0-4326-ba33-790b29b21db8,ILI-21,2021,3270,, ,,5378.992,18.18,,,,,,,,,,,,,
1ccce4fa-a1b0-4326-ba33-790b29b21db8,ILI-21,2021,3280,, ,,5397.172,11.044,,,,,,,,,,,,,
1ccce4fa-a1b0-4326-ba33-790b29b21db8,ILI-21,2021,3290,, ,,5408.216,18.21,,,,,,,,,,,,,
1ccce4fa-a1b0-4326-ba33-790b29b21db8,ILI-21,2021,3300,, ,,5426.426,18.226,,,,,,,,,,,,,
1ccce4fa-a1b0-4326-ba33-790b29b21db8,ILI-21,2021,3310,, ,,5444.652,18.112,,,,,,,,,,,,,
1ccce4fa-a1b0-4326-ba33-790b29b21db8,ILI-21,2021,3320,, ,,5462.764,18.168,,,,,,,,,,,,,
1ccce4fa-a1b0-4326-ba33-790b29b21db8,ILI-21,2021,3330,, ,,5480.932,18.246,,,,,,,,,,,,,
1ccce4fa-a1b0-4326-ba33-790b29b21db8,ILI-21,2021,3340,, ,,5499.178,18.262,,,,,,,,,,,,,
1ccce4fa-a1b0-4326-ba33-790b29b21db8,ILI-21,2021,3350,, ,,5517.44,18.25,,,,,,,,,,,,,
1ccce4fa-a1b0-4326-ba33-790b29b21db8,ILI-21,2021,3360,, ,,5535.69,18.278,,,,,,,,,,,,,
1ccce4fa-a1b0-4326-ba33-790b29b21db8,ILI-21,2021,3370,, ,,5553.968,18.174,,,,,,,,,,,,,
1ccce4fa-a1b0-4326-ba33-790b29b21db8,ILI-21,2021,3380,, ,,5572.142,8.438,,,,,,,,,,,,,
1ccce4fa-a1b0-4326-ba33-790b29b21db8,ILI-21,2021,3390,, ,,5580.58,4.742,,,,,,,,,,,,,
1ccce4fa-a1b0-4326-ba33-790b29b21db8,ILI-21,2021,3400,, ,,5585.322,18.256,,,,,,,,,,,,,
1ccce4fa-a1b0-4326-ba33-790b29b21db8,ILI-21,2021,3410,, ,,5603.578,8.55,,,,,,,,,,,,,
1ccce4fa-a1b0-4326-ba33-790b29b21db8,ILI-21,2021,3420,, ,,5612.128,18.248,,,,,,,,,,,,,
1ccce4fa-a1b0-4326-ba33-790b29b21db8,ILI-21,2021,3430,, ,,5630.376,18.234,,,,,,,,,,,,,
1ccce4fa-a1b0-4326-ba33-790b29b21db8,ILI-21,2021,3440,, ,,5648.61,18.038,,,,,,,,,,,,,
1ccce4fa-a1b0-4326-ba33-790b29b21db8,ILI-21,2021,3450,, ,,5666.648,18.208,,,,,,,,,,,,,
1ccce4fa-a1b0-4326-ba33-790b29b21db8,ILI-21,2021,3460,, ,,5684.856,18.176,,,,,,,,,,,,,
1ccce4fa-a1b0-4326-ba33-790b29b21db8,ILI-21,2021,3470,, ,,5703.032,18.256,,,,,,,,,,,,,
1ccce4fa-a1b0-4326-ba33-790b29b21db8,ILI-21,2021,3480,, ,,5721.288,18.242,,,,,,,,,,,,,
1ccce4fa-a1b0-4326-ba33-790b29b21db8,ILI-21,2021,3490,, ,,5739.53,18.24,,,,,,,,,,,,,
1ccce4fa-a1b0-4326-ba33-790b29b21db8,ILI-21,2021,3500,, ,,5757.77,18.244,,,,,,,,,,,,,
1ccce4fa-a1b0-4326-ba33-790b29b21db8,ILI-21,2021,3510,, ,,5776.014,18.224,,,,,,,,,,,,,
1ccce4fa-a1b0-4326-ba33-790b29b21db8,ILI-21,2021,3520,, ,,5794.238,18.184,,,,,,,,,,,,,
1ccce4fa-a1b0-4326-ba33-790b29b21db8,ILI-21,2021,3530,, ,,5812.422,18.192,,,,,,,,,,,,,
1ccce4fa-a1b0-4326-ba33-790b29b21db8,ILI-21,2021,3540,, ,,5830.614,18.232,,,,,,,,,,,,,
1ccce4fa-a1b0-4326-ba33-790b29b21db8,ILI-21,2021,3550,, ,,5848.846,18.232,,,,,,,,,,,,,
1ccce4fa-a1b0-4326-ba33-790b29b21db8,ILI-21,2021,3560,, ,,5867.078,18.214,,,,,,,,,,,,,
1ccce4fa-a1b0-4326-ba33-790b29b21db8,ILI-21,2021,3570,, ,,5885.292,18.226,,,,,,,,,,,,,
1ccce4fa-a1b0-4326-ba33-790b29b21db8,ILI-21,2021,3580,, ,,5903.518,18.234,,,,,,,,,,,,,
1ccce4fa-a1b0-4326-ba33-790b29b21db8,ILI-21,2021,3590,, ,,5921.752,18.198,,,,,,,,,,,,,
1ccce4fa-a1b0-4326-ba33-790b29b21db8,ILI-21,2021,3600,, ,,5939.95,18.182,,,,,,,,,,,,,
1ccce4fa-a1b0-4326-ba33-790b29b21db8,ILI-21,2021,3610,, ,,5958.132,18.226,,,,,,,,,,,,,
1ccce4fa-a1b0-4326-ba33-790b29b21db8,ILI-21,2021,3620,, ,,5976.358,18.284,,,,,,,,,,,,,
1ccce4fa-a1b0-4326-ba33-790b29b21db8,ILI-21,2021,3630,, ,,5994.642,18.232,,,,,,,,,,,,,
1ccce4fa-a1b0-4326-ba33-790b29b21db8,ILI-21,2021,3640,, ,,6012.874,18.256,,,,,,,,,,,,,
1ccce4fa-a1b0-4326-ba33-790b29b21db8,ILI-21,2021,3650,, ,,6031.13,18.054,,,,,,,,,,,,,
1ccce4fa-a1b0-4326-ba33-790b29b21db8,ILI-21,2021,3660,, ,,6049.184,18.232,,,,,,,,,,,,,
1ccce4fa-a1b0-4326-ba33-790b29b21db8,ILI-21,2021,3670,, ,,6067.416,18.094,,,,,,,,,,,,,
1ccce4fa-a1b0-4326-ba33-790b29b21db8,ILI-21,2021,3680,, ,,6085.51,18.254,,,,,,,,,,,,,
1ccce4fa-a1b0-4326-ba33-790b29b21db8,ILI-21,2021,3690,, ,,6103.764,18.25,,,,,,,,,,,,,
1ccce4fa-a1b0-4326-ba33-790b29b21db8,ILI-21,2021,3700,, ,,6122.014,18.232,,,,,,,,,,,,,
1ccce4fa-a1b0-4326-ba33-790b29b21db8,ILI-21,2021,3710,, ,,6140.246,18.288,,,,,,,,,,,,,
1ccce4fa-a1b0-4326-ba33-790b29b21db8,ILI-21,2021,3720,, ,,6158.534,18.188,,,,,,,,,,,,,
1ccce4fa-a1b0-4326-ba33-790b29b21db8,ILI-21,2021,3730,, ,,6176.722,18.224,,,,,,,,,,,,,
1ccce4fa-a1b0-4326-ba33-790b29b21db8,ILI-21,2021,3740,, ,,6194.946,18.236,,,,,,,,,,,,,
1ccce4fa-a1b0-4326-ba33-790b29b21db8,ILI-21,2021,3750,, ,,6213.182,17.568,,,,,,,,,,,,,
1ccce4fa-a1b0-4326-ba33-790b29b21db8,ILI-21,2021,3760,, ,,6230.75,18.216,,,,,,,,,,,,,
1ccce4fa-a1b0-4326-ba33-790b29b21db8,ILI-21,2021,3770,, ,,6248.966,18.232,,,,,,,,,,,,,
1ccce4fa-a1b0-4326-ba33-790b29b21db8,ILI-21,2021,3780,, ,,6267.198,18.256,,,,,,,,,,,,,
1ccce4fa-a1b0-4326-ba33-790b29b21db8,ILI-21,2021,3790,, ,,6285.454,18.196,,,,,,,,,,,,,
1ccce4fa-a1b0-4326-ba33-790b29b21db8,ILI-21,2021,3800,, ,,6303.65,18.226,,,,,,,,,,,,,
1ccce4fa-a1b0-4326-ba33-790b29b21db8,ILI-21,2021,3810,, ,,6321.876,18.258,,,,,,,,,,,,,
1ccce4fa-a1b0-4326-ba33-790b29b21db8,ILI-21,2021,3820,, ,,6340.134,18.258,,,,,,,,,,,,,
1ccce4fa-a1b0-4326-ba33-790b29b21db8,ILI-21,2021,3830,, ,,6358.392,18.244,,,,,,,,,,,,,
1ccce4fa-a1b0-4326-ba33-790b29b21db8,ILI-21,2021,3840,, ,,6376.636,18.254,,,,,,,,,,,,,
1ccce4fa-a1b0-4326-ba33-790b29b21db8,ILI-21,2021,3850,, ,,6394.89,18.198,,,,,,,,,,,,,
1ccce4fa-a1b0-4326-ba33-790b29b21db8,ILI-21,2021,3860,, ,,6413.088,18.25,,,,,,,,,,,,,
1ccce4fa-a1b0-4326-ba33-790b29b21db8,ILI-21,2021,3870,, ,,6431.338,18.246,,,,,,,,,,,,,
1ccce4fa-a1b0-4326-ba33-790b29b21db8,ILI-21,2021,3880,, ,,6449.584,18.262,,,,,,,,,,,,,
1ccce4fa-a1b0-4326-ba33-790b29b21db8,ILI-21,2021,3890,, ,,6467.846,18.254,,,,,,,,,,,,,
1ccce4fa-a1b0-4326-ba33-790b29b21db8,ILI-21,2021,3900,, ,,6486.1,18.246,,,,,,,,,,,,,
1ccce4fa-a1b0-4326-ba33-790b29b21db8,ILI-21,2021,3910,, ,,6504.346,18.206,,,,,,,,,,,,,
1ccce4fa-a1b0-4326-ba33-790b29b21db8,ILI-21,2021,3920,, ,,6522.552,18.236,,,,,,,,,,,,,
1ccce4fa-a1b0-4326-ba33-790b29b21db8,ILI-21,2021,3930,, ,,6540.788,18.246,,,,,,,,,,,,,
1ccce4fa-a1b0-4326-ba33-790b29b21db8,ILI-21,2021,3940,, ,,6559.034,18.272,,,,,,,,,,,,,
1ccce4fa-a1b0-4326-ba33-790b29b21db8,ILI-21,2021,3950,, ,,6577.306,1.788,,,,,,,,,,,,,
1ccce4fa-a1b0-4326-ba33-790b29b21db8,ILI-21,2021,3960,, ,,6579.094,18.222,,,,,,,,,,,,,
1ccce4fa-a1b0-4326-ba33-790b29b21db8,ILI-21,2021,3970,, ,,6597.316,18.282,,,,,,,,,,,,,
1ccce4fa-a1b0-4326-ba33-790b29b21db8,ILI-21,2021,3980,, ,,6615.598,17.464,,,,,,,,,,,,,
1ccce4fa-a1b0-4326-ba33-790b29b21db8,ILI-21,2021,3990,, ,,6633.062,18.238,,,,,,,,,,,,,
1ccce4fa-a1b0-4326-ba33-790b29b21db8,ILI-21,2021,4000,, ,,6651.3,18.26,,,,,,,,,,,,,
1ccce4fa-a1b0-4326-ba33-790b29b21db8,ILI-21,2021,4010,, ,,6669.56,18.222,,,,,,,,,,,,,
1ccce4fa-a1b0-4326-ba33-790b29b21db8,ILI-21,2021,4020,, ,,6687.782,18.274,,,,,,,,,,,,,
1ccce4fa-a1b0-4326-ba33-790b29b21db8,ILI-21,2021,4030,, ,,6706.056,18.246,,,,,,,,,,,,,
1ccce4fa-a1b0-4326-ba33-790b29b21db8,ILI-21,2021,4040,, ,,6724.302,18.268,,,,,,,,,,,,,
1ccce4fa-a1b0-4326-ba33-790b29b21db8,ILI-21,2021,4050,, ,,6742.57,18.236,,,,,,,,,,,,,
1ccce4fa-a1b0-4326-ba33-790b29b21db8,ILI-21,2021,4060,, ,,6760.806,18.226,,,,,,,,,,,,,
1ccce4fa-a1b0-4326-ba33-790b29b21db8,ILI-21,2021,4070,, ,,6779.032,18.216,,,,,,,,,,,,,
1ccce4fa-a1b0-4326-ba33-790b29b21db8,ILI-21,2021,4080,, ,,6797.248,18.238,,,,,,,,,,,,,
1ccce4fa-a1b0-4326-ba33-790b29b21db8,ILI-21,2021,4090,, ,,6815.486,18.246,,,,,,,,,,,,,
1ccce4fa-a1b0-4326-ba33-790b29b21db8,ILI-21,2021,4100,, ,,6833.732,18.246,,,,,,,,,,,,,
1ccce4fa-a1b0-4326-ba33-790b29b21db8,ILI-21,2021,4110,, ,,6851.978,18.234,,,,,,,,,,,,,
1ccce4fa-a1b0-4326-ba33-790b29b21db8,ILI-21,2021,4120,, ,,6870.212,18.22,,,,,,,,,,,,,
1ccce4fa-a1b0-4326-ba33-790b29b21db8,ILI-21,2021,4130,, ,,6888.432,18.22,,,,,,,,,,,,,
1ccce4fa-a1b0-4326-ba33-790b29b21db8,ILI-21,2021,4140,, ,,6906.652,18.21,,,,,,,,,,,,,
1ccce4fa-a1b0-4326-ba33-790b29b21db8,ILI-21,2021,4150,, ,,6924.862,18.246,,,,,,,,,,,,,
1ccce4fa-a1b0-4326-ba33-790b29b21db8,ILI-21,2021,4160,, ,,6943.108,18.264,,,,,,,,,,,,,
1ccce4fa-a1b0-4326-ba33-790b29b21db8,ILI-21,2021,4170,, ,,6961.372,18.238,,,,,,,,,,,,,
1ccce4fa-a1b0-4326-ba33-790b29b21db8,ILI-21,2021,4180,, ,,6979.61,18.266,,,,,,,,,,,,,
1ccce4fa-a1b0-4326-ba33-790b29b21db8,ILI-21,2021,4190,, ,,6997.876,18.238,,,,,,,,,,,,,
1ccce4fa-a1b0-4326-ba33-790b29b21db8,ILI-21,2021,4200,, ,,7016.114,18.21,,,,,,,,,,,,,
1ccce4fa-a1b0-4326-ba33-790b29b21db8,ILI-21,2021,4210,, ,,7034.324,18.236,,,,,,,,,,,,,
1ccce4fa-a1b0-4326-ba33-790b29b21db8,ILI-21,2021,4220,, ,,7052.56,18.25,,,,,,,,,,,,,
1ccce4fa-a1b0-4326-ba33-790b29b21db8,ILI-21,2021,4230,, ,,7070.81,18.258,,,,,,,,,,,,,
1ccce4fa-a1b0-4326-ba33-790b29b21db8,ILI-21,2021,4240,, ,,7089.068,18.252,,,,,,,,,,,,,
1ccce4fa-a1b0-4326-ba33-790b29b21db8,ILI-21,2021,4250,, ,,7107.32,18.27,,,,,,,,,,,,,
1ccce4fa-a1b0-4326-ba33-790b29b21db8,ILI-21,2021,4260,, ,,7125.59,18.222,,,,,,,,,,,,,
1ccce4fa-a1b0-4326-ba33-790b29b21db8,ILI-21,2021,4270,, ,,7143.812,18.2,,,,,,,,,,,,,
1ccce4fa-a1b0-4326-ba33-790b29b21db8,ILI-21,2021,4280,, ,,7162.012,18.222,,,,,,,,,,,,,
1ccce4fa-a1b0-4326-ba33-790b29b21db8,ILI-21,2021,4290,, ,,7180.234,18.232,,,,,,,,,,,,,
1ccce4fa-a1b0-4326-ba33-790b29b21db8,ILI-21,2021,4300,, ,,7198.466,18.268,,,,,,,,,,,,,
1ccce4fa-a1b0-4326-ba33-790b29b21db8,ILI-21,2021,4310,, ,,7216.734,8.36,,,,,,,,,,,,,
1ccce4fa-a1b0-4326-ba33-790b29b21db8,ILI-21,2021,4320,, ,,7225.094,9.482,,,,,,,,,,,,,
1ccce4fa-a1b0-4326-ba33-790b29b21db8,ILI-21,2021,4330,, ,,7234.576,8.152,,,,,,,,,,,,,
1ccce4fa-a1b0-4326-ba33-790b29b21db8,ILI-21,2021,4340,, ,,7242.728,10.204,,,,,,,,,,,,,
1ccce4fa-a1b0-4326-ba33-790b29b21db8,ILI-21,2021,4350,, ,,7252.932,9.272,,,,,,,,,,,,,
1ccce4fa-a1b0-4326-ba33-790b29b21db8,ILI-21,2021,4360,, ,,7262.204,11.744,,,,,,,,,,,,,
1ccce4fa-a1b0-4326-ba33-790b29b21db8,ILI-21,2021,4370,, ,,7273.948,10.622,,,,,,,,,,,,,
1ccce4fa-a1b0-4326-ba33-790b29b21db8,ILI-21,2021,4380,, ,,7284.57,10.786,,,,,,,,,,,,,
1ccce4fa-a1b0-4326-ba33-790b29b21db8,ILI-21,2021,4390,, ,,7295.356,11.736,,,,,,,,,,,,,
1ccce4fa-a1b0-4326-ba33-790b29b21db8,ILI-21,2021,4400,, ,,7307.092,10.624,,,,,,,,,,,,,
1ccce4fa-a1b0-4326-ba33-790b29b21db8,ILI-21,2021,4410,, ,,7317.716,9.278,,,,,,,,,,,,,
1ccce4fa-a1b0-4326-ba33-790b29b21db8,ILI-21,2021,4420,, ,,7326.994,9.818,,,,,,,,,,,,,
1ccce4fa-a1b0-4326-ba33-790b29b21db8,ILI-21,2021,4430,, ,,7336.812,11.726,,,,,,,,,,,,,
1ccce4fa-a1b0-4326-ba33-790b29b21db8,ILI-21,2021,4440,, ,,7348.538,11.618,,,,,,,,,,,,,
1ccce4fa-a1b0-4326-ba33-790b29b21db8,ILI-21,2021,4450,, ,,7360.156,11.506,,,,,,,,,,,,,
1ccce4fa-a1b0-4326-ba33-790b29b21db8,ILI-21,2021,4460,, ,,7371.662,11.578,,,,,,,,,,,,,
1ccce4fa-a1b0-4326-ba33-790b29b21db8,ILI-21,2021,4470,, ,,7383.24,11.138,,,,,,,,,,,,,
1ccce4fa-a1b0-4326-ba33-790b29b21db8,ILI-21,2021,4480,, ,,7394.378,10.754,,,,,,,,,,,,,
1ccce4fa-a1b0-4326-ba33-790b29b21db8,ILI-21,2021,4490,, ,,7405.132,18.27,,,,,,,,,,,,,
1ccce4fa-a1b0-4326-ba33-790b29b21db8,ILI-21,2021,4500,, ,,7423.402,18.264,,,,,,,,,,,,,
1ccce4fa-a1b0-4326-ba33-790b29b21db8,ILI-21,2021,4510,, ,,7441.666,18.23,,,,,,,,,,,,,
1ccce4fa-a1b0-4326-ba33-790b29b21db8,ILI-21,2021,4520,, ,,7459.896,19.656,,,,,,,,,,,,,
1ccce4fa-a1b0-4326-ba33-790b29b21db8,ILI-21,2021,4530,, ,,7479.552,19.648,,,,,,,,,,,,,
1ccce4fa-a1b0-4326-ba33-790b29b21db8,ILI-21,2021,4540,, ,,7499.2,19.644,,,,,,,,,,,,,
1ccce4fa-a1b0-4326-ba33-790b29b21db8,ILI-21,2021,4550,, ,,7518.844,13.808,,,,,,,,,,,,,
1ccce4fa-a1b0-4326-ba33-790b29b21db8,ILI-21,2021,4560,, ,,7532.652,13.272,,,,,,,,,,,,,
1ccce4fa-a1b0-4326-ba33-790b29b21db8,ILI-21,2021,4570,, ,,7545.924,13.666,,,,,,,,,,,,,
1ccce4fa-a1b0-4326-ba33-790b29b21db8,ILI-21,2021,4580,, ,,7559.59,15.2,,,,,,,,,,,,,
1ccce4fa-a1b0-4326-ba33-790b29b21db8,ILI-21,2021,4590,, ,,7574.79,4.678,,,,,,,,,,,,,
1ccce4fa-a1b0-4326-ba33-790b29b21db8,ILI-21,2021,4600,, ,,7579.468,19.68,,,,,,,,,,,,,
1ccce4fa-a1b0-4326-ba33-790b29b21db8,ILI-21,2021,4610,, ,,7599.148,12.564,,,,,,,,,,,,,
1ccce4fa-a1b0-4326-ba33-790b29b21db8,ILI-21,2021,4620,, ,,7611.712,18.228,,,,,,,,,,,,,
1ccce4fa-a1b0-4326-ba33-790b29b21db8,ILI-21,2021,4630,, ,,7629.94,14.16,,,,,,,,,,,,,
1ccce4fa-a1b0-4326-ba33-790b29b21db8,ILI-21,2021,4640,, ,,7644.1,18.278,,,,,,,,,,,,,
1ccce4fa-a1b0-4326-ba33-790b29b21db8,ILI-21,2021,4650,, ,,7662.378,18.286,,,,,,,,,,,,,
1ccce4fa-a1b0-4326-ba33-790b29b21db8,ILI-21,2021,4660,, ,,7680.664,14.574,,,,,,,,,,,,,
1ccce4fa-a1b0-4326-ba33-790b29b21db8,ILI-21,2021,4670,, ,,7695.238,18.188,,,,,,,,,,,,,
1ccce4fa-a1b0-4326-ba33-790b29b21db8,ILI-21,2021,4680,, ,,7713.426,18.222,,,,,,,,,,,,,
1ccce4fa-a1b0-4326-ba33-790b29b21db8,ILI-21,2021,4690,, ,,7731.648,18.248,,,,,,,,,,,,,
1ccce4fa-a1b0-4326-ba33-790b29b21db8,ILI-21,2021,4700,, ,,7749.896,18.266,,,,,,,,,,,,,
1ccce4fa-a1b0-4326-ba33-790b29b21db8,ILI-21,2021,4710,, ,,7768.162,18.252,,,,,,,,,,,,,
1ccce4fa-a1b0-4326-ba33-790b29b21db8,ILI-21,2021,4720,, ,,7786.414,18.254,,,,,,,,,,,,,
1ccce4fa-a1b0-4326-ba33-790b29b21db8,ILI-21,2021,4730,, ,,7804.668,17.476,,,,,,,,,,,,,
1ccce4fa-a1b0-4326-ba33-790b29b21db8,ILI-21,2021,4740,, ,,7822.144,9.904,,,,,,,,,,,,,
1ccce4fa-a1b0-4326-ba33-790b29b21db8,ILI-21,2021,4750,, ,,7832.048,19.63,,,,,,,,,,,,,
1ccce4fa-a1b0-4326-ba33-790b29b21db8,ILI-21,2021,4760,, ,,7851.678,19.746,,,,,,,,,,,,,
1ccce4fa-a1b0-4326-ba33-790b29b21db8,ILI-21,2021,4770,, ,,7871.424,19.716,,,,,,,,,,,,,
1ccce4fa-a1b0-4326-ba33-790b29b21db8,ILI-21,2021,4780,, ,,7891.14,19.726,,,,,,,,,,,,,
1ccce4fa-a1b0-4326-ba33-790b29b21db8,ILI-21,2021,4790,, ,,7910.866,19.712,,,,,,,,,,,,,
1ccce4fa-a1b0-4326-ba33-790b29b21db8,ILI-21,2021,4800,, ,,7930.578,19.69,,,,,,,,,,,,,
1ccce4fa-a1b0-4326-ba33-790b29b21db8,ILI-21,2021,4810,, ,,7950.268,19.652,,,,,,,,,,,,,
1ccce4fa-a1b0-4326-ba33-790b29b21db8,ILI-21,2021,4820,, ,,7969.92,19.672,,,,,,,,,,,,,
1ccce4fa-a1b0-4326-ba33-790b29b21db8,ILI-21,2021,4830,, ,,7989.592,19.696,,,,,,,,,,,,,
1ccce4fa-a1b0-4326-ba33-790b29b21db8,ILI-21,2021,4840,, ,,8009.288,19.712,,,,,,,,,,,,,
1ccce4fa-a1b0-4326-ba33-790b29b21db8,ILI-21,2021,4850,, ,,8029,19.738,,,,,,,,,,,,,
1ccce4fa-a1b0-4326-ba33-790b29b21db8,ILI-21,2021,4860,, ,,8048.738,19.654,,,,,,,,,,,,,
1ccce4fa-a1b0-4326-ba33-790b29b21db8,ILI-21,2021,4870,, ,,8068.392,19.674,,,,,,,,,,,,,
1ccce4fa-a1b0-4326-ba33-790b29b21db8,ILI-21,2021,4880,, ,,8088.066,19.692,,,,,,,,,,,,,
1ccce4fa-a1b0-4326-ba33-790b29b21db8,ILI-21,2021,4890,, ,,8107.758,19.678,,,,,,,,,,,,,
1ccce4fa-a1b0-4326-ba33-790b29b21db8,ILI-21,2021,4900,, ,,8127.436,19.662,,,,,,,,,,,,,
1ccce4fa-a1b0-4326-ba33-790b29b21db8,ILI-21,2021,4910,, ,,8147.098,18.306,,,,,,,,,,,,,
1ccce4fa-a1b0-4326-ba33-790b29b21db8,ILI-21,2021,4920,, ,,8165.404,19.666,,,,,,,,,,,,,
1ccce4fa-a1b0-4326-ba33-790b29b21db8,ILI-21,2021,4930,, ,,8185.07,19.638,,,,,,,,,,,,,
1ccce4fa-a1b0-4326-ba33-790b29b21db8,ILI-21,2021,4940,, ,,8204.708,19.654,,,,,,,,,,,,,
1ccce4fa-a1b0-4326-ba33-790b29b21db8,ILI-21,2021,4950,, ,,8224.362,19.694,,,,,,,,,,,,,
1ccce4fa-a1b0-4326-ba33-790b29b21db8,ILI-21,2021,4960,, ,,8244.056,19.692,,,,,,,,,,,,,
1ccce4fa-a1b0-4326-ba33-790b29b21db8,ILI-21,2021,4970,, ,,8263.748,19.72,,,,,,,,,,,,,
1ccce4fa-a1b0-4326-ba33-790b29b21db8,ILI-21,2021,4980,, ,,8283.468,19.656,,,,,,,,,,,,,
1ccce4fa-a1b0-4326-ba33-790b29b21db8,ILI-21,2021,4990,, ,,8303.124,19.656,,,,,,,,,,,,,
1ccce4fa-a1b0-4326-ba33-790b29b21db8,ILI-21,2021,5000,, ,,8322.78,19.728,,,,,,,,,,,,,
1ccce4fa-a1b0-4326-ba33-790b29b21db8,ILI-21,2021,5010,, ,,8342.508,19.722,,,,,,,,,,,,,
1ccce4fa-a1b0-4326-ba33-790b29b21db8,ILI-21,2021,5020,, ,,8362.23,19.714,,,,,,,,,,,,,
1ccce4fa-a1b0-4326-ba33-790b29b21db8,ILI-21,2021,5030,, ,,8381.944,19.736,,,,,,,,,,,,,
1ccce4fa-a1b0-4326-ba33-790b29b21db8,ILI-21,2021,5040,, ,,8401.68,19.67,,,,,,,,,,,,,
1ccce4fa-a1b0-4326-ba33-790b29b21db8,ILI-21,2021,5050,, ,,8421.35,19.664,,,,,,,,,,,,,
1ccce4fa-a1b0-4326-ba33-790b29b21db8,ILI-21,2021,5060,, ,,8441.014,19.68,,,,,,,,,,,,,
1ccce4fa-a1b0-4326-ba33-790b29b21db8,ILI-21,2021,5070,, ,,8460.694,19.686,,,,,,,,,,,,,
1ccce4fa-a1b0-4326-ba33-790b29b21db8,ILI-21,2021,5080,, ,,8480.38,19.714,,,,,,,,,,,,,
1ccce4fa-a1b0-4326-ba33-790b29b21db8,ILI-21,2021,5090,, ,,8500.094,19.732,,,,,,,,,,,,,
1ccce4fa-a1b0-4326-ba33-790b29b21db8,ILI-21,2021,5100,, ,,8519.826,15.832,,,,,,,,,,,,,
1ccce4fa-a1b0-4326-ba33-790b29b21db8,ILI-21,2021,5110,, ,,8535.658,19.708,,,,,,,,,,,,,
1ccce4fa-a1b0-4326-ba33-790b29b21db8,ILI-21,2021,5120,, ,,8555.366,19.628,,,,,,,,,,,,,
1ccce4fa-a1b0-4326-ba33-790b29b21db8,ILI-21,2021,5130,, ,,8574.994,19.704,,,,,,,,,,,,,
1ccce4fa-a1b0-4326-ba33-790b29b21db8,ILI-21,2021,5140,, ,,8594.698,19.716,,,,,,,,,,,,,
1ccce4fa-a1b0-4326-ba33-790b29b21db8,ILI-21,2021,5150,, ,,8614.414,9.252,,,,,,,,,,,,,
1ccce4fa-a1b0-4326-ba33-790b29b21db8,ILI-21,2021,5160,, ,,8623.666,7.476,,,,,,,,,,,,,
1ccce4fa-a1b0-4326-ba33-790b29b21db8,ILI-21,2021,5170,, ,,8631.142,12.216,,,,,,,,,,,,,
1ccce4fa-a1b0-4326-ba33-790b29b21db8,ILI-21,2021,5180,, ,,8643.358,11.892,,,,,,,,,,,,,
1ccce4fa-a1b0-4326-ba33-790b29b21db8,ILI-21,2021,5190,, ,,8655.25,11.772,,,,,,,,,,,,,
1ccce4fa-a1b0-4326-ba33-790b29b21db8,ILI-21,2021,5200,, ,,8667.022,12.388,,,,,,,,,,,,,
1ccce4fa-a1b0-4326-ba33-790b29b21db8,ILI-21,2021,5210,, ,,8679.41,13.94,,,,,,,,,,,,,
1ccce4fa-a1b0-4326-ba33-790b29b21db8,ILI-21,2021,5220,, ,,8693.35,11.478,,,,,,,,,,,,,
1ccce4fa-a1b0-4326-ba33-790b29b21db8,ILI-21,2021,5230,, ,,8704.828,12.256,,,,,,,,,,,,,
1ccce4fa-a1b0-4326-ba33-790b29b21db8,ILI-21,2021,5240,, ,,8717.084,10.218,,,,,,,,,,,,,
1ccce4fa-a1b0-4326-ba33-790b29b21db8,ILI-21,2021,5250,, ,,8727.302,10.686,,,,,,,,,,,,,
1ccce4fa-a1b0-4326-ba33-790b29b21db8,ILI-21,2021,5260,, ,,8737.988,19.706,,,,,,,,,,,,,
1ccce4fa-a1b0-4326-ba33-790b29b21db8,ILI-21,2021,5270,, ,,8757.694,13.06,,,,,,,,,,,,,
1ccce4fa-a1b0-4326-ba33-790b29b21db8,ILI-21,2021,5280,, ,,8770.754,13.726,,,,,,,,,,,,,
1ccce4fa-a1b0-4326-ba33-790b29b21db8,ILI-21,2021,5290,, ,,8784.48,12.89,,,,,,,,,,,,,
1ccce4fa-a1b0-4326-ba33-790b29b21db8,ILI-21,2021,5300,, ,,8797.37,13.446,,,,,,,,,,,,,
1ccce4fa-a1b0-4326-ba33-790b29b21db8,ILI-21,2021,5310,, ,,8810.816,13.878,,,,,,,,,,,,,
1ccce4fa-a1b0-4326-ba33-790b29b21db8,ILI-21,2021,5320,, ,,8824.694,15.726,,,,,,,,,,,,,
1ccce4fa-a1b0-4326-ba33-790b29b21db8,ILI-21,2021,5330,, ,,8840.42,19.668,,,,,,,,,,,,,
1ccce4fa-a1b0-4326-ba33-790b29b21db8,ILI-21,2021,5340,, ,,8860.088,15.658,,,,,,,,,,,,,
1ccce4fa-a1b0-4326-ba33-790b29b21db8,ILI-21,2021,5350,, ,,8875.746,12.994,,,,,,,,,,,,,
1ccce4fa-a1b0-4326-ba33-790b29b21db8,ILI-21,2021,5360,, ,,8888.74,13.484,,,,,,,,,,,,,
1ccce4fa-a1b0-4326-ba33-790b29b21db8,ILI-21,2021,5370,, ,,8902.224,19.704,,,,,,,,,,,,,
1ccce4fa-a1b0-4326-ba33-790b29b21db8,ILI-21,2021,5380,, ,,8921.928,19.736,,,,,,,,,,,,,
1ccce4fa-a1b0-4326-ba33-790b29b21db8,ILI-21,2021,5390,, ,,8941.664,19.692,,,,,,,,,,,,,
1ccce4fa-a1b0-4326-ba33-790b29b21db8,ILI-21,2021,5400,, ,,8961.356,19.11,,,,,,,,,,,,,
1ccce4fa-a1b0-4326-ba33-790b29b21db8,ILI-21,2021,5410,, ,,8980.466,19.692,,,,,,,,,,,,,
1ccce4fa-a1b0-4326-ba33-790b29b21db8,ILI-21,2021,5420,, ,,9000.158,19.69,,,,,,,,,,,,,
1ccce4fa-a1b0-4326-ba33-790b29b21db8,ILI-21,2021,5430,, ,,9019.848,19.688,,,,,,,,,,,,,
1ccce4fa-a1b0-4326-ba33-790b29b21db8,ILI-21,2021,5440,, ,,9039.536,19.674,,,,,,,,,,,,,
1ccce4fa-a1b0-4326-ba33-790b29b21db8,ILI-21,2021,5450,, ,,9059.21,19.688,,,,,,,,,,,,,
1ccce4fa-a1b0-4326-ba33-790b29b21db8,ILI-21,2021,5460,, ,,9078.898,1.918,,,,,,,,,,,,,
1ccce4fa-a1b0-4326-ba33-790b29b21db8,ILI-21,2021,5470,, ,,9080.816,19.716,,,,,,,,,,,,,
1ccce4fa-a1b0-4326-ba33-790b29b21db8,ILI-21,2021,5480,, ,,9100.532,4.764,,,,,,,,,,,,,
1ccce4fa-a1b0-4326-ba33-790b29b21db8,ILI-21,2021,5490,, ,,9105.296,19.708,,,,,,,,,,,,,
1ccce4fa-a1b0-4326-ba33-790b29b21db8,ILI-21,2021,5500,, ,,9125.004,19.69,,,,,,,,,,,,,
1ccce4fa-a1b0-4326-ba33-790b29b21db8,ILI-21,2021,5510,, ,,9144.694,9.25,,,,,,,,,,,,,
1ccce4fa-a1b0-4326-ba33-790b29b21db8,ILI-21,2021,5520,, ,,9153.944,19.71,,,,,,,,,,,,,
1ccce4fa-a1b0-4326-ba33-790b29b21db8,ILI-21,2021,5530,, ,,9173.654,19.736,,,,,,,,,,,,,
1ccce4fa-a1b0-4326-ba33-790b29b21db8,ILI-21,2021,5540,, ,,9193.39,19.72,,,,,,,,,,,,,
1ccce4fa-a1b0-4326-ba33-790b29b21db8,ILI-21,2021,5550,, ,,9213.11,19.704,,,,,,,,,,,,,
1ccce4fa-a1b0-4326-ba33-790b29b21db8,ILI-21,2021,5560,, ,,9232.814,19.68,,,,,,,,,,,,,
1ccce4fa-a1b0-4326-ba33-790b29b21db8,ILI-21,2021,5570,, ,,9252.494,17.818,,,,,,,,,,,,,
1ccce4fa-a1b0-4326-ba33-790b29b21db8,ILI-21,2021,5580,, ,,9270.312,18.256,,,,,,,,,,,,,
1ccce4fa-a1b0-4326-ba33-790b29b21db8,ILI-21,2021,5590,, ,,9288.568,18.296,,,,,,,,,,,,,
1ccce4fa-a1b0-4326-ba33-790b29b21db8,ILI-21,2021,5600,, ,,9306.864,18.294,,,,,,,,,,,,,
1ccce4fa-a1b0-4326-ba33-790b29b21db8,ILI-21,2021,5610,, ,,9325.158,18.286,,,,,,,,,,,,,
1ccce4fa-a1b0-4326-ba33-790b29b21db8,ILI-21,2021,5620,, ,,9343.444,18.244,,,,,,,,,,,,,
1ccce4fa-a1b0-4326-ba33-790b29b21db8,ILI-21,2021,5630,, ,,9361.688,18.208,,,,,,,,,,,,,
1ccce4fa-a1b0-4326-ba33-790b29b21db8,ILI-21,2021,5640,, ,,9379.896,18.268,,,,,,,,,,,,,
1ccce4fa-a1b0-4326-ba33-790b29b21db8,ILI-21,2021,5650,, ,,9398.164,13.05,,,,,,,,,,,,,
1ccce4fa-a1b0-4326-ba33-790b29b21db8,ILI-21,2021,5660,, ,,9411.214,19.732,,,,,,,,,,,,,
1ccce4fa-a1b0-4326-ba33-790b29b21db8,ILI-21,2021,5670,, ,,9430.946,19.692,,,,,,,,,,,,,
1ccce4fa-a1b0-4326-ba33-790b29b21db8,ILI-21,2021,5680,, ,,9450.638,19.722,,,,,,,,,,,,,
1ccce4fa-a1b0-4326-ba33-790b29b21db8,ILI-21,2021,5690,, ,,9470.36,4.724,,,,,,,,,,,,,
1ccce4fa-a1b0-4326-ba33-790b29b21db8,ILI-21,2021,5700,, ,,9475.084,19.68,,,,,,,,,,,,,
1ccce4fa-a1b0-4326-ba33-790b29b21db8,ILI-21,2021,5710,, ,,9494.764,19.726,,,,,,,,,,,,,
1ccce4fa-a1b0-4326-ba33-790b29b21db8,ILI-21,2021,5720,, ,,9514.49,19.748,,,,,,,,,,,,,
1ccce4fa-a1b0-4326-ba33-790b29b21db8,ILI-21,2021,5730,, ,,9534.238,18.322,,,,,,,,,,,,,
1ccce4fa-a1b0-4326-ba33-790b29b21db8,ILI-21,2021,5740,, ,,9552.56,19.664,,,,,,,,,,,,,
1ccce4fa-a1b0-4326-ba33-790b29b21db8,ILI-21,2021,5750,, ,,9572.224,19.69,,,,,,,,,,,,,
1ccce4fa-a1b0-4326-ba33-790b29b21db8,ILI-21,2021,5760,, ,,9591.914,19.702,,,,,,,,,,,,,
1ccce4fa-a1b0-4326-ba33-790b29b21db8,ILI-21,2021,5770,, ,,9611.616,19.706,,,,,,,,,,,,,
1ccce4fa-a1b0-4326-ba33-790b29b21db8,ILI-21,2021,5780,, ,,9631.322,13.992,,,,,,,,,,,,,
1ccce4fa-a1b0-4326-ba33-790b29b21db8,ILI-21,2021,5790,, ,,9645.314,19.684,,,,,,,,,,,,,
1ccce4fa-a1b0-4326-ba33-790b29b21db8,ILI-21,2021,5800,, ,,9664.998,19.73,,,,,,,,,,,,,
1ccce4fa-a1b0-4326-ba33-790b29b21db8,ILI-21,2021,5810,, ,,9684.728,5.08,,,,,,,,,,,,,
1ccce4fa-a1b0-4326-ba33-790b29b21db8,ILI-21,2021,5820,, ,,9689.808,19.514,,,,,,,,,,,,,
1ccce4fa-a1b0-4326-ba33-790b29b21db8,ILI-21,2021,5830,, ,,9709.322,19.73,,,,,,,,,,,,,
1ccce4fa-a1b0-4326-ba33-790b29b21db8,ILI-21,2021,5840,, ,,9729.052,19.674,,,,,,,,,,,,,
1ccce4fa-a1b0-4326-ba33-790b29b21db8,ILI-21,2021,5850,, ,,9748.726,16.844,,,,,,,,,,,,,
1ccce4fa-a1b0-4326-ba33-790b29b21db8,ILI-21,2021,5860,, ,,9765.57,19.686,,,,,,,,,,,,,
1ccce4fa-a1b0-4326-ba33-790b29b21db8,ILI-21,2021,5870,, ,,9785.256,19.724,,,,,,,,,,,,,
1ccce4fa-a1b0-4326-ba33-790b29b21db8,ILI-21,2021,5880,, ,,9804.98,19.726,,,,,,,,,,,,,
1ccce4fa-a1b0-4326-ba33-790b29b21db8,ILI-21,2021,5890,, ,,9824.706,19.694,,,,,,,,,,,,,
1ccce4fa-a1b0-4326-ba33-790b29b21db8,ILI-21,2021,5900,, ,,9844.4,19.674,,,,,,,,,,,,,
1ccce4fa-a1b0-4326-ba33-790b29b21db8,ILI-21,2021,5910,, ,,9864.074,19.69,,,,,,,,,,,,,
1ccce4fa-a1b0-4326-ba33-790b29b21db8,ILI-21,2021,5920,, ,,9883.764,19.736,,,,,,,,,,,,,
1ccce4fa-a1b0-4326-ba33-790b29b21db8,ILI-21,2021,5930,, ,,9903.5,19.73,,,,,,,,,,,,,
1ccce4fa-a1b0-4326-ba33-790b29b21db8,ILI-21,2021,5940,, ,,9923.23,19.726,,,,,,,,,,,,,
1ccce4fa-a1b0-4326-ba33-790b29b21db8,ILI-21,2021,5950,, ,,9942.956,19.694,,,,,,,,,,,,,
1ccce4fa-a1b0-4326-ba33-790b29b21db8,ILI-21,2021,5960,, ,,9962.65,19.662,,,,,,,,,,,,,
1ccce4fa-a1b0-4326-ba33-790b29b21db8,ILI-21,2021,5970,, ,,9982.312,19.704,,,,,,,,,,,,,
1ccce4fa-a1b0-4326-ba33-790b29b21db8,ILI-21,2021,5980,, ,,10002.016,7.044,,,,,,,,,,,,,
1ccce4fa-a1b0-4326-ba33-790b29b21db8,ILI-21,2021,5990,, ,,10009.06,8.1,,,,,,,,,,,,,
1ccce4fa-a1b0-4326-ba33-790b29b21db8,ILI-21,2021,6000,, ,,10017.16,8.564,,,,,,,,,,,,,
1ccce4fa-a1b0-4326-ba33-790b29b21db8,ILI-21,2021,6010,, ,,10025.724,7.746,,,,,,,,,,,,,
1ccce4fa-a1b0-4326-ba33-790b29b21db8,ILI-21,2021,6020,, ,,10033.47,7.79,,,,,,,,,,,,,
1ccce4fa-a1b0-4326-ba33-790b29b21db8,ILI-21,2021,6030,, ,,10041.26,12.92,,,,,,,,,,,,,
1ccce4fa-a1b0-4326-ba33-790b29b21db8,ILI-21,2021,6040,, ,,10054.18,11.35,,,,,,,,,,,,,
1ccce4fa-a1b0-4326-ba33-790b29b21db8,ILI-21,2021,6050,, ,,10065.53,10.672,,,,,,,,,,,,,
1ccce4fa-a1b0-4326-ba33-790b29b21db8,ILI-21,2021,6060,, ,,10076.202,9.852,,,,,,,,,,,,,
1ccce4fa-a1b0-4326-ba33-790b29b21db8,ILI-21,2021,6070,, ,,10086.054,11.896,,,,,,,,,,,,,
1ccce4fa-a1b0-4326-ba33-790b29b21db8,ILI-21,2021,6080,, ,,10097.95,10.614,,,,,,,,,,,,,
1ccce4fa-a1b0-4326-ba33-790b29b21db8,ILI-21,2021,6090,, ,,10108.564,10.968,,,,,,,,,,,,,
1ccce4fa-a1b0-4326-ba33-790b29b21db8,ILI-21,2021,6100,, ,,10119.532,10.07,,,,,,,,,,,,,
1ccce4fa-a1b0-4326-ba33-790b29b21db8,ILI-21,2021,6110,, ,,10129.602,10.796,,,,,,,,,,,,,
1ccce4fa-a1b0-4326-ba33-790b29b21db8,ILI-21,2021,6120,, ,,10140.398,18.796,,,,,,,,,,,,,
1ccce4fa-a1b0-4326-ba33-790b29b21db8,ILI-21,2021,6130,, ,,10159.194,13.668,,,,,,,,,,,,,
1ccce4fa-a1b0-4326-ba33-790b29b21db8,ILI-21,2021,6140,, ,,10172.862,12.454,,,,,,,,,,,,,
1ccce4fa-a1b0-4326-ba33-790b29b21db8,ILI-21,2021,6150,, ,,10185.316,13.966,,,,,,,,,,,,,
1ccce4fa-a1b0-4326-ba33-790b29b21db8,ILI-21,2021,6160,, ,,10199.282,18.846,,,,,,,,,,,,,
1ccce4fa-a1b0-4326-ba33-790b29b21db8,ILI-21,2021,6170,, ,,10218.128,18.838,,,,,,,,,,,,,
1ccce4fa-a1b0-4326-ba33-790b29b21db8,ILI-21,2021,6180,, ,,10236.966,18.8,,,,,,,,,,,,,
1ccce4fa-a1b0-4326-ba33-790b29b21db8,ILI-21,2021,6190,, ,,10255.766,18.792,,,,,,,,,,,,,
1ccce4fa-a1b0-4326-ba33-790b29b21db8,ILI-21,2021,6200,, ,,10274.558,18.812,,,,,,,,,,,,,
1ccce4fa-a1b0-4326-ba33-790b29b21db8,ILI-21,2021,6210,, ,,10293.37,18.844,,,,,,,,,,,,,
1ccce4fa-a1b0-4326-ba33-790b29b21db8,ILI-21,2021,6220,, ,,10312.214,18.85,,,,,,,,,,,,,
1ccce4fa-a1b0-4326-ba33-790b29b21db8,ILI-21,2021,6230,, ,,10331.064,18.83,,,,,,,,,,,,,
1ccce4fa-a1b0-4326-ba33-790b29b21db8,ILI-21,2021,6240,, ,,10349.894,18.808,,,,,,,,,,,,,
1ccce4fa-a1b0-4326-ba33-790b29b21db8,ILI-21,2021,6250,, ,,10368.702,18.818,,,,,,,,,,,,,
1ccce4fa-a1b0-4326-ba33-790b29b21db8,ILI-21,2021,6260,, ,,10387.52,19.02,,,,,,,,,,,,,
1ccce4fa-a1b0-4326-ba33-790b29b21db8,ILI-21,2021,6270,, ,,10406.54,18.832,,,,,,,,,,,,,
1ccce4fa-a1b0-4326-ba33-790b29b21db8,ILI-21,2021,6280,, ,,10425.372,18.826,,,,,,,,,,,,,
1ccce4fa-a1b0-4326-ba33-790b29b21db8,ILI-21,2021,6290,, ,,10444.198,18.814,,,,,,,,,,,,,
1ccce4fa-a1b0-4326-ba33-790b29b21db8,ILI-21,2021,6300,, ,,10463.012,18.806,,,,,,,,,,,,,
1ccce4fa-a1b0-4326-ba33-790b29b21db8,ILI-21,2021,6310,, ,,10481.818,18.724,,,,,,,,,,,,,
1ccce4fa-a1b0-4326-ba33-790b29b21db8,ILI-21,2021,6320,, ,,10500.542,15.204,,,,,,,,,,,,,
1ccce4fa-a1b0-4326-ba33-790b29b21db8,ILI-21,2021,6330,, ,,10515.746,18.828,,,,,,,,,,,,,
1ccce4fa-a1b0-4326-ba33-790b29b21db8,ILI-21,2021,6340,, ,,10534.574,18.842,,,,,,,,,,,,,
1ccce4fa-a1b0-4326-ba33-790b29b21db8,ILI-21,2021,6350,, ,,10553.416,18.798,,,,,,,,,,,,,
1ccce4fa-a1b0-4326-ba33-790b29b21db8,ILI-21,2021,6360,, ,,10572.214,18.804,,,,,,,,,,,,,
1ccce4fa-a1b0-4326-ba33-790b29b21db8,ILI-21,2021,6370,, ,,10591.018,18.836,,,,,,,,,,,,,
1ccce4fa-a1b0-4326-ba33-790b29b21db8,ILI-21,2021,6380,, ,,10609.854,18.818,,,,,,,,,,,,,
1ccce4fa-a1b0-4326-ba33-790b29b21db8,ILI-21,2021,6390,, ,,10628.672,14.46,,,,,,,,,,,,,
1ccce4fa-a1b0-4326-ba33-790b29b21db8,ILI-21,2021,6400,, ,,10643.132,4.656,,,,,,,,,,,,,
1ccce4fa-a1b0-4326-ba33-790b29b21db8,ILI-21,2021,6410,, ,,10647.788,12.532,,,,,,,,,,,,,
1ccce4fa-a1b0-4326-ba33-790b29b21db8,ILI-21,2021,6420,, ,,10660.32,18.806,,,,,,,,,,,,,
1ccce4fa-a1b0-4326-ba33-790b29b21db8,ILI-21,2021,6430,, ,,10679.126,18.82,,,,,,,,,,,,,
1ccce4fa-a1b0-4326-ba33-790b29b21db8,ILI-21,2021,6440,, ,,10697.946,18.832,,,,,,,,,,,,,
1ccce4fa-a1b0-4326-ba33-790b29b21db8,ILI-21,2021,6450,, ,,10716.778,18.846,,,,,,,,,,,,,
1ccce4fa-a1b0-4326-ba33-790b29b21db8,ILI-21,2021,6460,, ,,10735.624,19.71,,,,,,,,,,,,,
1ccce4fa-a1b0-4326-ba33-790b29b21db8,ILI-21,2021,6470,, ,,10755.334,18.83,,,,,,,,,,,,,
1ccce4fa-a1b0-4326-ba33-790b29b21db8,ILI-21,2021,6480,, ,,10774.164,18.814,,,,,,,,,,,,,
1ccce4fa-a1b0-4326-ba33-790b29b21db8,ILI-21,2021,6490,, ,,10792.978,18.824,,,,,,,,,,,,,
1ccce4fa-a1b0-4326-ba33-790b29b21db8,ILI-21,2021,6500,, ,,10811.802,18.842,,,,,,,,,,,,,
1ccce4fa-a1b0-4326-ba33-790b29b21db8,ILI-21,2021,6510,, ,,10830.644,18.782,,,,,,,,,,,,,
1ccce4fa-a1b0-4326-ba33-790b29b21db8,ILI-21,2021,6520,, ,,10849.426,18.826,,,,,,,,,,,,,
1ccce4fa-a1b0-4326-ba33-790b29b21db8,ILI-21,2021,6530,, ,,10868.252,2.586,,,,,,,,,,,,,
1ccce4fa-a1b0-4326-ba33-790b29b21db8,ILI-21,2021,6540,, ,,10870.838,2.002,,,,,,,,,,,,,
1ccce4fa-a1b0-4326-ba33-790b29b21db8,ILI-21,2021,6550,, ,,10872.84,0.598,,,,,,,,,,,,,
1ccce4fa-a1b0-4326-ba33-790b29b21db8,ILI-21,2021,6560,, ,,10873.438,3.902,,,,,,,,,,,,,
1ccce4fa-a1b0-4326-ba33-790b29b21db8,ILI-21,2021,6570,, ,,10877.34,1.41,,,,,,,,,,,,,
1ccce4fa-a1b0-4326-ba33-790b29b21db8,ILI-21,2021,6580,, ,,10878.75,3.838,,,,,,,,,,,,,
1ccce4fa-a1b0-4326-ba33-790b29b21db8,ILI-21,2021,6590,, ,,10882.588,0.828,,,,,,,,,,,,,
1ccce4fa-a1b0-4326-ba33-790b29b21db8,ILI-21,2021,6600,, ,,10883.416,1.012,,,,,,,,,,,,,
1ccce4fa-a1b0-4326-ba33-790b29b21db8,ILI-21,2021,6610,, ,,10884.428,1.312,,,,,,,,,,,,,
1ccce4fa-a1b0-4326-ba33-790b29b21db8,ILI-21,2021,6620,, ,,10885.74,0.29,,,,,,,,,,,,,
1ccce4fa-a1b0-4326-ba33-790b29b21db8,ILI-21,2021,6630,, ,,10886.03,0.816,,,,,,,,,,,,,
1ccce4fa-a1b0-4326-ba33-790b29b21db8,ILI-21,2021,6640,, ,,10886.846,1.502,,,,,,,,,,,,,
1ccce4fa-a1b0-4326-ba33-790b29b21db8,ILI-21,2021,6650,, ,,10888.348,0.796,,,,,,,,,,,,,
1ccce4fa-a1b0-4326-ba33-790b29b21db8,ILI-21,2021,6660,, ,,10889.144,3.748,,,,,,,,,,,,,
1ccce4fa-a1b0-4326-ba33-790b29b21db8,ILI-21,2021,6670,, ,,10892.892,1.412,,,,,,,,,,,,,
1ccce4fa-a1b0-4326-ba33-790b29b21db8,ILI-21,2021,6680,, ,,10894.304,3.822,,,,,,,,,,,,,
1ccce4fa-a1b0-4326-ba33-790b29b21db8,ILI-21,2021,6690,, ,,10898.126,0.586,,,,,,,,,,,,,
1ccce4fa-a1b0-4326-ba33-790b29b21db8,ILI-21,2021,6700,, ,,10898.712,1.048,,,,,,,,,,,,,
1ccce4fa-a1b0-4326-ba33-790b29b21db8,ILI-21,2021,6710,, ,,10899.76,16.876,,,,,,,,,,,,,
1ccce4fa-a1b0-4326-ba33-790b29b21db8,ILI-21,2021,6720,, ,,10916.636,19.64,,,,,,,,,,,,,
1ccce4fa-a1b0-4326-ba33-790b29b21db8,ILI-21,2021,6730,, ,,10936.276,19.672,,,,,,,,,,,,,
1ccce4fa-a1b0-4326-ba33-790b29b21db8,ILI-21,2021,6740,, ,,10955.948,19.656,,,,,,,,,,,,,
1ccce4fa-a1b0-4326-ba33-790b29b21db8,ILI-21,2021,6750,, ,,10975.604,2.894,,,,,,,,,,,,,
1ccce4fa-a1b0-4326-ba33-790b29b21db8,ILI-21,2021,6760,, ,,10978.498,19.738,,,,,,,,,,,,,
1ccce4fa-a1b0-4326-ba33-790b29b21db8,ILI-21,2021,6770,, ,,10998.236,19.692,,,,,,,,,,,,,
1ccce4fa-a1b0-4326-ba33-790b29b21db8,ILI-21,2021,6780,, ,,11017.928,19.682,,,,,,,,,,,,,
1ccce4fa-a1b0-4326-ba33-790b29b21db8,ILI-21,2021,6790,, ,,11037.61,19.71,,,,,,,,,,,,,
1ccce4fa-a1b0-4326-ba33-790b29b21db8,ILI-21,2021,6800,, ,,11057.32,19.688,,,,,,,,,,,,,
1ccce4fa-a1b0-4326-ba33-790b29b21db8,ILI-21,2021,6810,, ,,11077.008,19.68,,,,,,,,,,,,,
1ccce4fa-a1b0-4326-ba33-790b29b21db8,ILI-21,2021,6820,, ,,11096.688,19.694,,,,,,,,,,,,,
1ccce4fa-a1b0-4326-ba33-790b29b21db8,ILI-21,2021,6830,, ,,11116.382,19.706,,,,,,,,,,,,,
1ccce4fa-a1b0-4326-ba33-790b29b21db8,ILI-21,2021,6840,, ,,11136.088,19.676,,,,,,,,,,,,,
1ccce4fa-a1b0-4326-ba33-790b29b21db8,ILI-21,2021,6850,, ,,11155.764,19.692,,,,,,,,,,,,,
1ccce4fa-a1b0-4326-ba33-790b29b21db8,ILI-21,2021,6860,, ,,11175.456,19.702,,,,,,,,,,,,,
1ccce4fa-a1b0-4326-ba33-790b29b21db8,ILI-21,2021,6870,, ,,11195.158,19.71,,,,,,,,,,,,,
1ccce4fa-a1b0-4326-ba33-790b29b21db8,ILI-21,2021,6880,, ,,11214.868,19.694,,,,,,,,,,,,,
1ccce4fa-a1b0-4326-ba33-790b29b21db8,ILI-21,2021,6890,, ,,11234.562,19.664,,,,,,,,,,,,,
1ccce4fa-a1b0-4326-ba33-790b29b21db8,ILI-21,2021,6900,, ,,11254.226,19.686,,,,,,,,,,,,,
1ccce4fa-a1b0-4326-ba33-790b29b21db8,ILI-21,2021,6910,, ,,11273.912,7.696,,,,,,,,,,,,,
1ccce4fa-a1b0-4326-ba33-790b29b21db8,ILI-21,2021,6920,, ,,11281.608,8.964,,,,,,,,,,,,,
1ccce4fa-a1b0-4326-ba33-790b29b21db8,ILI-21,2021,6930,, ,,11290.572,10.094,,,,,,,,,,,,,
1ccce4fa-a1b0-4326-ba33-790b29b21db8,ILI-21,2021,6940,, ,,11300.666,10.872,,,,,,,,,,,,,
1ccce4fa-a1b0-4326-ba33-790b29b21db8,ILI-21,2021,6950,, ,,11311.538,9.488,,,,,,,,,,,,,
1ccce4fa-a1b0-4326-ba33-790b29b21db8,ILI-21,2021,6960,, ,,11321.026,8.774,,,,,,,,,,,,,
1ccce4fa-a1b0-4326-ba33-790b29b21db8,ILI-21,2021,6970,, ,,11329.8,12.152,,,,,,,,,,,,,
1ccce4fa-a1b0-4326-ba33-790b29b21db8,ILI-21,2021,6980,, ,,11341.952,11.532,,,,,,,,,,,,,
1ccce4fa-a1b0-4326-ba33-790b29b21db8,ILI-21,2021,6990,, ,,11353.484,12.922,,,,,,,,,,,,,
1ccce4fa-a1b0-4326-ba33-790b29b21db8,ILI-21,2021,7000,, ,,11366.406,13.52,,,,,,,,,,,,,
1ccce4fa-a1b0-4326-ba33-790b29b21db8,ILI-21,2021,7010,, ,,11379.926,12.942,,,,,,,,,,,,,
1ccce4fa-a1b0-4326-ba33-790b29b21db8,ILI-21,2021,7020,, ,,11392.868,13.79,,,,,,,,,,,,,
1ccce4fa-a1b0-4326-ba33-790b29b21db8,ILI-21,2021,7030,, ,,11406.658,11.656,,,,,,,,,,,,,
1ccce4fa-a1b0-4326-ba33-790b29b21db8,ILI-21,2021,7040,, ,,11418.314,10.95,,,,,,,,,,,,,
1ccce4fa-a1b0-4326-ba33-790b29b21db8,ILI-21,2021,7050,, ,,11429.264,11.366,,,,,,,,,,,,,
1ccce4fa-a1b0-4326-ba33-790b29b21db8,ILI-21,2021,7060,, ,,11440.63,19.696,,,,,,,,,,,,,
1ccce4fa-a1b0-4326-ba33-790b29b21db8,ILI-21,2021,7070,, ,,11460.326,19.676,,,,,,,,,,,,,
1ccce4fa-a1b0-4326-ba33-790b29b21db8,ILI-21,2021,7080,, ,,11480.002,19.018,,,,,,,,,,,,,
1ccce4fa-a1b0-4326-ba33-790b29b21db8,ILI-21,2021,7090,, ,,11499.02,19.702,,,,,,,,,,,,,
1ccce4fa-a1b0-4326-ba33-790b29b21db8,ILI-21,2021,7100,, ,,11518.722,18.262,,,,,,,,,,,,,
1ccce4fa-a1b0-4326-ba33-790b29b21db8,ILI-21,2021,7110,, ,,11536.984,18.172,,,,,,,,,,,,,
1ccce4fa-a1b0-4326-ba33-790b29b21db8,ILI-21,2021,7120,, ,,11555.156,19.686,,,,,,,,,,,,,
1ccce4fa-a1b0-4326-ba33-790b29b21db8,ILI-21,2021,7130,, ,,11574.842,18.244,,,,,,,,,,,,,
1ccce4fa-a1b0-4326-ba33-790b29b21db8,ILI-21,2021,7140,, ,,11593.086,4.552,,,,,,,,,,,,,
1ccce4fa-a1b0-4326-ba33-790b29b21db8,ILI-21,2021,7150,, ,,11597.638,15.152,,,,,,,,,,,,,
1ccce4fa-a1b0-4326-ba33-790b29b21db8,ILI-21,2021,7160,, ,,11612.79,18.27,,,,,,,,,,,,,
1ccce4fa-a1b0-4326-ba33-790b29b21db8,ILI-21,2021,7170,, ,,11631.06,16.35,,,,,,,,,,,,,
1ccce4fa-a1b0-4326-ba33-790b29b21db8,ILI-21,2021,7180,, ,,11647.41,4.752,,,,,,,,,,,,,
1ccce4fa-a1b0-4326-ba33-790b29b21db8,ILI-21,2021,7190,, ,,11652.162,18.274,,,,,,,,,,,,,
1ccce4fa-a1b0-4326-ba33-790b29b21db8,ILI-21,2021,7200,, ,,11670.436,3.794,,,,,,,,,,,,,
1ccce4fa-a1b0-4326-ba33-790b29b21db8,ILI-21,2021,7210,, ,,11674.23,18.244,,,,,,,,,,,,,
1ccce4fa-a1b0-4326-ba33-790b29b21db8,ILI-21,2021,7220,, ,,11692.474,18.24,,,,,,,,,,,,,
1ccce4fa-a1b0-4326-ba33-790b29b21db8,ILI-21,2021,7230,, ,,11710.714,19.7,,,,,,,,,,,,,
1ccce4fa-a1b0-4326-ba33-790b29b21db8,ILI-21,2021,7240,, ,,11730.414,14.452,,,,,,,,,,,,,
1ccce4fa-a1b0-4326-ba33-790b29b21db8,ILI-21,2021,7250,, ,,11744.866,18.28,,,,,,,,,,,,,
1ccce4fa-a1b0-4326-ba33-790b29b21db8,ILI-21,2021,7260,, ,,11763.146,19.748,,,,,,,,,,,,,
1ccce4fa-a1b0-4326-ba33-790b29b21db8,ILI-21,2021,7270,, ,,11782.894,19.658,,,,,,,,,,,,,
1ccce4fa-a1b0-4326-ba33-790b29b21db8,ILI-21,2021,7280,, ,,11802.552,18.78,,,,,,,,,,,,,
1ccce4fa-a1b0-4326-ba33-790b29b21db8,ILI-21,2021,7290,, ,,11821.332,15.196,,,,,,,,,,,,,
1ccce4fa-a1b0-4326-ba33-790b29b21db8,ILI-21,2021,7300,, ,,11836.528,18.24,,,,,,,,,,,,,
1ccce4fa-a1b0-4326-ba33-790b29b21db8,ILI-21,2021,7310,, ,,11854.768,17.818,,,,,,,,,,,,,
1ccce4fa-a1b0-4326-ba33-790b29b21db8,ILI-21,2021,7320,, ,,11872.586,18.284,,,,,,,,,,,,,
1ccce4fa-a1b0-4326-ba33-790b29b21db8,ILI-21,2021,7330,, ,,11890.87,18.26,,,,,,,,,,,,,
1ccce4fa-a1b0-4326-ba33-790b29b21db8,ILI-21,2021,7340,, ,,11909.13,18.252,,,,,,,,,,,,,
1ccce4fa-a1b0-4326-ba33-790b29b21db8,ILI-21,2021,7350,, ,,11927.382,18.246,,,,,,,,,,,,,
1ccce4fa-a1b0-4326-ba33-790b29b21db8,ILI-21,2021,7360,, ,,11945.628,18.26,,,,,,,,,,,,,
1ccce4fa-a1b0-4326-ba33-790b29b21db8,ILI-21,2021,7370,, ,,11963.888,18.272,,,,,,,,,,,,,
1ccce4fa-a1b0-4326-ba33-790b29b21db8,ILI-21,2021,7380,, ,,11982.16,18.278,,,,,,,,,,,,,
1ccce4fa-a1b0-4326-ba33-790b29b21db8,ILI-21,2021,7390,, ,,12000.438,18.27,,,,,,,,,,,,,
1ccce4fa-a1b0-4326-ba33-790b29b21db8,ILI-21,2021,7400,, ,,12018.708,18.268,,,,,,,,,,,,,
1ccce4fa-a1b0-4326-ba33-790b29b21db8,ILI-21,2021,7410,, ,,12036.976,18.234,,,,,,,,,,,,,
1ccce4fa-a1b0-4326-ba33-790b29b21db8,ILI-21,2021,7420,, ,,12055.21,18.166,,,,,,,,,,,,,
1ccce4fa-a1b0-4326-ba33-790b29b21db8,ILI-21,2021,7430,, ,,12073.376,18.254,,,,,,,,,,,,,
1ccce4fa-a1b0-4326-ba33-790b29b21db8,ILI-21,2021,7440,, ,,12091.63,18.28,,,,,,,,,,,,,
1ccce4fa-a1b0-4326-ba33-790b29b21db8,ILI-21,2021,7450,, ,,12109.91,18.264,,,,,,,,,,,,,
1ccce4fa-a1b0-4326-ba33-790b29b21db8,ILI-21,2021,7460,, ,,12128.174,18.244,,,,,,,,,,,,,
1ccce4fa-a1b0-4326-ba33-790b29b21db8,ILI-21,2021,7470,, ,,12146.418,18.242,,,,,,,,,,,,,
1ccce4fa-a1b0-4326-ba33-790b29b21db8,ILI-21,2021,7480,, ,,12164.66,18.284,,,,,,,,,,,,,
1ccce4fa-a1b0-4326-ba33-790b29b21db8,ILI-21,2021,7490,, ,,12182.944,18.266,,,,,,,,,,,,,
1ccce4fa-a1b0-4326-ba33-790b29b21db8,ILI-21,2021,7500,, ,,12201.21,15.044,,,,,,,,,,,,,
1ccce4fa-a1b0-4326-ba33-790b29b21db8,ILI-21,2021,7510,, ,,12216.254,18.262,,,,,,,,,,,,,
1ccce4fa-a1b0-4326-ba33-790b29b21db8,ILI-21,2021,7520,, ,,12234.516,18.22,,,,,,,,,,,,,
1ccce4fa-a1b0-4326-ba33-790b29b21db8,ILI-21,2021,7530,, ,,12252.736,18.242,,,,,,,,,,,,,
1ccce4fa-a1b0-4326-ba33-790b29b21db8,ILI-21,2021,7540,, ,,12270.978,18.256,,,,,,,,,,,,,
1ccce4fa-a1b0-4326-ba33-790b29b21db8,ILI-21,2021,7550,, ,,12289.234,18.264,,,,,,,,,,,,,
1ccce4fa-a1b0-4326-ba33-790b29b21db8,ILI-21,2021,7560,, ,,12307.498,18.296,,,,,,,,,,,,,
1ccce4fa-a1b0-4326-ba33-790b29b21db8,ILI-21,2021,7570,, ,,12325.794,2.064,,,,,,,,,,,,,
1ccce4fa-a1b0-4326-ba33-790b29b21db8,ILI-21,2021,7580,, ,,12327.858,18.27,,,,,,,,,,,,,
1ccce4fa-a1b0-4326-ba33-790b29b21db8,ILI-21,2021,7590,, ,,12346.128,18.23,,,,,,,,,,,,,
1ccce4fa-a1b0-4326-ba33-790b29b21db8,ILI-21,2021,7600,, ,,12364.358,18.246,,,,,,,,,,,,,
1ccce4fa-a1b0-4326-ba33-790b29b21db8,ILI-21,2021,7610,, ,,12382.604,18.286,,,,,,,,,,,,,
1ccce4fa-a1b0-4326-ba33-790b29b21db8,ILI-21,2021,7620,, ,,12400.89,17.644,,,,,,,,,,,,,
1ccce4fa-a1b0-4326-ba33-790b29b21db8,ILI-21,2021,7630,, ,,12418.534,18.284,,,,,,,,,,,,,
1ccce4fa-a1b0-4326-ba33-790b29b21db8,ILI-21,2021,7640,, ,,12436.818,15.604,,,,,,,,,,,,,
1ccce4fa-a1b0-4326-ba33-790b29b21db8,ILI-21,2021,7650,, ,,12452.422,18.24,,,,,,,,,,,,,
1ccce4fa-a1b0-4326-ba33-790b29b21db8,ILI-21,2021,7660,, ,,12470.662,12.766,,,,,,,,,,,,,
1ccce4fa-a1b0-4326-ba33-790b29b21db8,ILI-21,2021,7670,, ,,12483.428,12.738,,,,,,,,,,,,,
1ccce4fa-a1b0-4326-ba33-790b29b21db8,ILI-21,2021,7680,, ,,12496.166,10.284,,,,,,,,,,,,,
1ccce4fa-a1b0-4326-ba33-790b29b21db8,ILI-21,2021,7690,, ,,12506.45,13.122,,,,,,,,,,,,,
1ccce4fa-a1b0-4326-ba33-790b29b21db8,ILI-21,2021,7700,, ,,12519.572,13.102,,,,,,,,,,,,,
1ccce4fa-a1b0-4326-ba33-790b29b21db8,ILI-21,2021,7710,, ,,12532.674,13.1,,,,,,,,,,,,,
1ccce4fa-a1b0-4326-ba33-790b29b21db8,ILI-21,2021,7720,, ,,12545.774,13.942,,,,,,,,,,,,,
1ccce4fa-a1b0-4326-ba33-790b29b21db8,ILI-21,2021,7730,, ,,12559.716,12.84,,,,,,,,,,,,,
1ccce4fa-a1b0-4326-ba33-790b29b21db8,ILI-21,2021,7740,, ,,12572.556,9.314,,,,,,,,,,,,,
1ccce4fa-a1b0-4326-ba33-790b29b21db8,ILI-21,2021,7750,, ,,12581.87,8.714,,,,,,,,,,,,,
1ccce4fa-a1b0-4326-ba33-790b29b21db8,ILI-21,2021,7760,, ,,12590.584,18.238,,,,,,,,,,,,,
1ccce4fa-a1b0-4326-ba33-790b29b21db8,ILI-21,2021,7770,, ,,12608.822,18.28,,,,,,,,,,,,,
1ccce4fa-a1b0-4326-ba33-790b29b21db8,ILI-21,2021,7780,, ,,12627.102,18.206,,,,,,,,,,,,,
1ccce4fa-a1b0-4326-ba33-790b29b21db8,ILI-21,2021,7790,, ,,12645.308,16.602,,,,,,,,,,,,,
1ccce4fa-a1b0-4326-ba33-790b29b21db8,ILI-21,2021,7800,, ,,12661.91,13.314,,,,,,,,,,,,,
1ccce4fa-a1b0-4326-ba33-790b29b21db8,ILI-21,2021,7810,, ,,12675.224,11.344,,,,,,,,,,,,,
1ccce4fa-a1b0-4326-ba33-790b29b21db8,ILI-21,2021,7820,, ,,12686.568,10.444,,,,,,,,,,,,,
1ccce4fa-a1b0-4326-ba33-790b29b21db8,ILI-21,2021,7830,, ,,12697.012,19.708,,,,,,,,,,,,,
1ccce4fa-a1b0-4326-ba33-790b29b21db8,ILI-21,2021,7840,, ,,12716.72,18.3,,,,,,,,,,,,,
1ccce4fa-a1b0-4326-ba33-790b29b21db8,ILI-21,2021,7850,, ,,12735.02,19.714,,,,,,,,,,,,,
1ccce4fa-a1b0-4326-ba33-790b29b21db8,ILI-21,2021,7860,, ,,12754.734,19.7,,,,,,,,,,,,,
1ccce4fa-a1b0-4326-ba33-790b29b21db8,ILI-21,2021,7870,, ,,12774.434,11.528,,,,,,,,,,,,,
1ccce4fa-a1b0-4326-ba33-790b29b21db8,ILI-21,2021,7880,, ,,12785.962,19.676,,,,,,,,,,,,,
1ccce4fa-a1b0-4326-ba33-790b29b21db8,ILI-21,2021,7890,, ,,12805.638,19.688,,,,,,,,,,,,,
1ccce4fa-a1b0-4326-ba33-790b29b21db8,ILI-21,2021,7900,, ,,12825.326,19.714,,,,,,,,,,,,,
1ccce4fa-a1b0-4326-ba33-790b29b21db8,ILI-21,2021,7910,, ,,12845.04,19.708,,,,,,,,,,,,,
1ccce4fa-a1b0-4326-ba33-790b29b21db8,ILI-21,2021,7920,, ,,12864.748,19.7,,,,,,,,,,,,,
1ccce4fa-a1b0-4326-ba33-790b29b21db8,ILI-21,2021,7930,, ,,12884.448,19.658,,,,,,,,,,,,,
1ccce4fa-a1b0-4326-ba33-790b29b21db8,ILI-21,2021,7940,, ,,12904.106,19.67,,,,,,,,,,,,,
1ccce4fa-a1b0-4326-ba33-790b29b21db8,ILI-21,2021,7950,, ,,12923.776,19.686,,,,,,,,,,,,,
1ccce4fa-a1b0-4326-ba33-790b29b21db8,ILI-21,2021,7960,, ,,12943.462,19.714,,,,,,,,,,,,,
1ccce4fa-a1b0-4326-ba33-790b29b21db8,ILI-21,2021,7970,, ,,12963.176,19.712,,,,,,,,,,,,,
1ccce4fa-a1b0-4326-ba33-790b29b21db8,ILI-21,2021,7980,, ,,12982.888,19.736,,,,,,,,,,,,,
1ccce4fa-a1b0-4326-ba33-790b29b21db8,ILI-21,2021,7990,, ,,13002.624,19.68,,,,,,,,,,,,,
1ccce4fa-a1b0-4326-ba33-790b29b21db8,ILI-21,2021,8000,, ,,13022.304,19.632,,,,,,,,,,,,,
1ccce4fa-a1b0-4326-ba33-790b29b21db8,ILI-21,2021,8010,, ,,13041.936,19.684,,,,,,,,,,,,,
1ccce4fa-a1b0-4326-ba33-790b29b21db8,ILI-21,2021,8020,, ,,13061.62,19.708,,,,,,,,,,,,,
1ccce4fa-a1b0-4326-ba33-790b29b21db8,ILI-21,2021,8030,, ,,13081.328,19.688,,,,,,,,,,,,,
1ccce4fa-a1b0-4326-ba33-790b29b21db8,ILI-21,2021,8040,, ,,13101.016,19.71,,,,,,,,,,,,,
1ccce4fa-a1b0-4326-ba33-790b29b21db8,ILI-21,2021,8050,, ,,13120.726,19.67,,,,,,,,,,,,,
1ccce4fa-a1b0-4326-ba33-790b29b21db8,ILI-21,2021,8060,, ,,13140.396,19.642,,,,,,,,,,,,,
1ccce4fa-a1b0-4326-ba33-790b29b21db8,ILI-21,2021,8070,, ,,13160.038,19.692,,,,,,,,,,,,,
1ccce4fa-a1b0-4326-ba33-790b29b21db8,ILI-21,2021,8080,, ,,13179.73,19.726,,,,,,,,,,,,,
1ccce4fa-a1b0-4326-ba33-790b29b21db8,ILI-21,2021,8090,, ,,13199.456,19.702,,,,,,,,,,,,,
1ccce4fa-a1b0-4326-ba33-790b29b21db8,ILI-21,2021,8100,, ,,13219.158,19.72,,,,,,,,,,,,,
1ccce4fa-a1b0-4326-ba33-790b29b21db8,ILI-21,2021,8110,, ,,13238.878,19.706,,,,,,,,,,,,,
1ccce4fa-a1b0-4326-ba33-790b29b21db8,ILI-21,2021,8120,, ,,13258.584,19.678,,,,,,,,,,,,,
1ccce4fa-a1b0-4326-ba33-790b29b21db8,ILI-21,2021,8130,, ,,13278.262,19.692,,,,,,,,,,,,,
1ccce4fa-a1b0-4326-ba33-790b29b21db8,ILI-21,2021,8140,, ,,13297.954,19.73,,,,,,,,,,,,,
1ccce4fa-a1b0-4326-ba33-790b29b21db8,ILI-21,2021,8150,, ,,13317.684,19.736,,,,,,,,,,,,,
1ccce4fa-a1b0-4326-ba33-790b29b21db8,ILI-21,2021,8160,, ,,13337.42,19.718,,,,,,,,,,,,,
1ccce4fa-a1b0-4326-ba33-790b29b21db8,ILI-21,2021,8170,, ,,13357.138,19.666,,,,,,,,,,,,,
1ccce4fa-a1b0-4326-ba33-790b29b21db8,ILI-21,2021,8180,, ,,13376.804,19.682,,,,,,,,,,,,,
1ccce4fa-a1b0-4326-ba33-790b29b21db8,ILI-21,2021,8190,, ,,13396.486,19.7,,,,,,,,,,,,,
1ccce4fa-a1b0-4326-ba33-790b29b21db8,ILI-21,2021,8200,, ,,13416.186,19.714,,,,,,,,,,,,,
1ccce4fa-a1b0-4326-ba33-790b29b21db8,ILI-21,2021,8210,, ,,13435.9,19.7,,,,,,,,,,,,,
1ccce4fa-a1b0-4326-ba33-790b29b21db8,ILI-21,2021,8220,, ,,13455.6,19.692,,,,,,,,,,,,,
1ccce4fa-a1b0-4326-ba33-790b29b21db8,ILI-21,2021,8230,, ,,13475.292,19.484,,,,,,,,,,,,,
1ccce4fa-a1b0-4326-ba33-790b29b21db8,ILI-21,2021,8240,, ,,13494.776,17.406,,,,,,,,,,,,,
1ccce4fa-a1b0-4326-ba33-790b29b21db8,ILI-21,2021,8250,, ,,13512.182,19.732,,,,,,,,,,,,,
1ccce4fa-a1b0-4326-ba33-790b29b21db8,ILI-21,2021,8260,, ,,13531.914,19.742,,,,,,,,,,,,,
1ccce4fa-a1b0-4326-ba33-790b29b21db8,ILI-21,2021,8270,, ,,13551.656,19.76,,,,,,,,,,,,,
1ccce4fa-a1b0-4326-ba33-790b29b21db8,ILI-21,2021,8280,, ,,13571.416,19.738,,,,,,,,,,,,,
1ccce4fa-a1b0-4326-ba33-790b29b21db8,ILI-21,2021,8290,, ,,13591.154,19.686,,,,,,,,,,,,,
1ccce4fa-a1b0-4326-ba33-790b29b21db8,ILI-21,2021,8300,, ,,13610.84,19.648,,,,,,,,,,,,,
1ccce4fa-a1b0-4326-ba33-790b29b21db8,ILI-21,2021,8310,, ,,13630.488,19.736,,,,,,,,,,,,,
1ccce4fa-a1b0-4326-ba33-790b29b21db8,ILI-21,2021,8320,, ,,13650.224,2.242,,,,,,,,,,,,,
1ccce4fa-a1b0-4326-ba33-790b29b21db8,ILI-21,2021,8330,, ,,13652.466,19.728,,,,,,,,,,,,,
1ccce4fa-a1b0-4326-ba33-790b29b21db8,ILI-21,2021,8340,, ,,13672.194,6.7,,,,,,,,,,,,,
1ccce4fa-a1b0-4326-ba33-790b29b21db8,ILI-21,2021,8350,, ,,13678.894,0.626,,,,,,,,,,,,,
1ccce4fa-a1b0-4326-ba33-790b29b21db8,ILI-21,2021,8360,, ,,13679.52,0.576,,,,,,,,,,,,,
1ccce4fa-a1b0-4326-ba33-790b29b21db8,ILI-21,2021,8370,, ,,13680.096,3.76,,,,,,,,,,,,,
1ccce4fa-a1b0-4326-ba33-790b29b21db8,ILI-21,2021,8380,, ,,13683.856,1.416,,,,,,,,,,,,,
1ccce4fa-a1b0-4326-ba33-790b29b21db8,ILI-21,2021,8390,, ,,13685.272,3.902,,,,,,,,,,,,,
1ccce4fa-a1b0-4326-ba33-790b29b21db8,ILI-21,2021,8400,, ,,13689.174,0.25,,,,,,,,,,,,,
1ccce4fa-a1b0-4326-ba33-790b29b21db8,ILI-21,2021,8410,, ,,13689.424,0.93,,,,,,,,,,,,,
1ccce4fa-a1b0-4326-ba33-790b29b21db8,ILI-21,2021,8420,, ,,13690.354,0.278,,,,,,,,,,,,,
1ccce4fa-a1b0-4326-ba33-790b29b21db8,ILI-21,2021,8430,, ,,13690.632,0.786,,,,,,,,,,,,,
1ccce4fa-a1b0-4326-ba33-790b29b21db8,ILI-21,2021,8440,, ,,13691.418,3.272,,,,,,,,,,,,,
